run_number,production_date,prod_line,species,product_type,shift_code,status,giveaway_check,giveaway_pct,reject_count
003992,2026-01-11 00:00:00.000000,Smoke Line,haddock,smoked,LATE,complete,OK,,
003990,2026-01-11 00:00:00.000000,Smoke Line,mackerel,fillet,DAY,complete,OK,,
003991,2026-01-11 00:00:00.000000,Line 3,plaice,fillet,LATE,complete,OK,,
003989,2026-01-11 00:00:00.000000,Smoke Line,haddock,smoked,LATE,complete,OK,,
003993,2026-01-11 00:00:00.000000,Line 1,salmon,,LATE,complete,OK,,
003988,2026-01-11 00:00:00.000000,Line 1,hake,fillet,LATE,complete,OK,,
003978,2026-01-12 00:00:00.000000,Line 1,salmon,portion,LATE,complete,OK,,
003981,2026-01-12 00:00:00.000000,Line 2,seabass,fillet,NIGHT,complete,OK,,
003986,2026-01-12 00:00:00.000000,Line 2,tuna,steak,DAY,complete,OK,,
003984,2026-01-12 00:00:00.000000,Line 2,seabass,fillet,NIGHT,complete,OK,,
003987,2026-01-12 00:00:00.000000,Line 3,plaice,fillet,LATE,complete,OK,,
003985,2026-01-12 00:00:00.000000,Smoke Line,haddock,smoked,DAY,complete,OK,,
003980,2026-01-12 00:00:00.000000,Line 1,salmon,portion,LATE,complete,OK,,
003983,2026-01-12 00:00:00.000000,Line 1,salmon,portion,LATE,complete,OK,,
003982,2026-01-12 00:00:00.000000,Line 1,salmon,portion,LATE,complete,OK,,
003979,2026-01-12 00:00:00.000000,Line 3,cod,fillet,NIGHT,complete,OK,,
003973,2026-01-13 00:00:00.000000,VA Line,prawn,,DAY,complete,WARNING: giveaway > 3%,633.4,2.0
003977,2026-01-13 00:00:00.000000,Smoke Line,mackerel,fillet,DAY,complete,WARNING: giveaway > 3%,590.7,0.0
003972,2026-01-13 00:00:00.000000,Line 2,tuna,steak,NIGHT,complete,WARNING: giveaway > 3%,760.1,3.0
003974,2026-01-13 00:00:00.000000,Line 3,cod,fillet,DAY,complete,WARNING: giveaway > 3%,630.7,2.0
003975,2026-01-13 00:00:00.000000,Line 3,pollock,fillet,DAY,complete,WARNING: giveaway > 3%,359.5,2.0
003976,2026-01-13 00:00:00.000000,Line 1,sole,fillet,DAY,complete,WARNING: giveaway > 3%,544.9,0.0
003969,2026-01-14 00:00:00.000000,Line 2,cod,loin,NIGHT,complete,WARNING: giveaway > 3%,886.5,3.0
003968,2026-01-14 00:00:00.000000,Line 1,hake,fillet,NIGHT,complete,WARNING: giveaway > 3%,330.1,1.0
003970,2026-01-14 00:00:00.000000,Smoke Line,haddock,smoked,LATE,complete,WARNING: giveaway > 3%,437.8,2.0
003963,2026-01-14 00:00:00.000000,Line 3,cod,fillet,LATE,complete,WARNING: giveaway > 3%,578.2,3.0
003966,2026-01-14 00:00:00.000000,Line 1,hake,fillet,LATE,complete,WARNING: giveaway > 3%,680.3,1.0
003964,2026-01-14 00:00:00.000000,Smoke Line,mackerel,fillet,NIGHT,complete,WARNING: giveaway > 3%,278.7,3.0
003961,2026-01-14 00:00:00.000000,VA Line,prawn,,DAY,complete,WARNING: giveaway > 3%,629.8,2.0
003962,2026-01-14 00:00:00.000000,VA Line,,,DAY,complete,WARNING: giveaway > 3%,988.9,3.0
003971,2026-01-14 00:00:00.000000,VA Line,cod,breaded,NIGHT,complete,WARNING: giveaway > 3%,246.0,1.0
003965,2026-01-14 00:00:00.000000,Smoke Line,haddock,smoked,NIGHT,complete,WARNING: giveaway > 3%,682.6,2.0
003967,2026-01-14 00:00:00.000000,Line 1,sole,fillet,LATE,complete,WARNING: giveaway > 3%,606.3,3.0
003958,2026-01-15 00:00:00.000000,Line 2,tuna,steak,NIGHT,complete,WARNING: giveaway > 3%,574.2,0.0
003954,2026-01-15 00:00:00.000000,Line 2,tuna,steak,LATE,complete,WARNING: giveaway > 3%,401.0,0.0
003957,2026-01-15 00:00:00.000000,Line 1,sole,fillet,NIGHT,complete,WARNING: giveaway > 3%,264.7,3.0
003953,2026-01-15 00:00:00.000000,Line 3,pollock,fillet,NIGHT,complete,WARNING: giveaway > 3%,703.3,1.0
003955,2026-01-15 00:00:00.000000,Line 1,hake,fillet,LATE,complete,WARNING: giveaway > 3%,571.2,3.0
003960,2026-01-15 00:00:00.000000,Line 2,cod,loin,LATE,complete,WARNING: giveaway > 3%,488.6,0.0
003959,2026-01-15 00:00:00.000000,VA Line,prawn,,NIGHT,complete,WARNING: giveaway > 3%,365.4,2.0
003956,2026-01-15 00:00:00.000000,Line 3,pollock,fillet,DAY,complete,WARNING: giveaway > 3%,430.9,0.0
003948,2026-01-16 00:00:00.000000,VA Line,,,LATE,complete,WARNING: giveaway > 3%,1279.2,3.0
003945,2026-01-16 00:00:00.000000,VA Line,,,NIGHT,complete,WARNING: giveaway > 3%,867.9,1.0
003949,2026-01-16 00:00:00.000000,Smoke Line,mackerel,fillet,DAY,complete,WARNING: giveaway > 3%,802.8,1.0
003950,2026-01-16 00:00:00.000000,Line 1,hake,fillet,DAY,complete,WARNING: giveaway > 3%,756.1,0.0
003946,2026-01-16 00:00:00.000000,Line 1,salmon,portion,LATE,complete,WARNING: giveaway > 3%,476.4,2.0
003947,2026-01-16 00:00:00.000000,VA Line,,,DAY,complete,WARNING: giveaway > 3%,1113.9,0.0
003952,2026-01-16 00:00:00.000000,Smoke Line,mackerel,fillet,NIGHT,complete,WARNING: giveaway > 3%,590.3,2.0
003951,2026-01-16 00:00:00.000000,Line 3,plaice,fillet,LATE,complete,WARNING: giveaway > 3%,638.2,2.0
003942,2026-01-17 00:00:00.000000,Line 1,salmon,,DAY,complete,WARNING: giveaway > 3%,196.8,3.0
003943,2026-01-17 00:00:00.000000,Line 2,tuna,steak,LATE,complete,WARNING: giveaway > 3%,161.8,1.0
003939,2026-01-17 00:00:00.000000,VA Line,cod,breaded,DAY,complete,WARNING: giveaway > 3%,627.9,2.0
003941,2026-01-17 00:00:00.000000,VA Line,,,LATE,complete,WARNING: giveaway > 3%,513.7,0.0
003940,2026-01-17 00:00:00.000000,Smoke Line,mackerel,fillet,DAY,complete,WARNING: giveaway > 3%,312.4,1.0
003944,2026-01-17 00:00:00.000000,Line 3,plaice,fillet,LATE,complete,WARNING: giveaway > 3%,820.3,0.0
003936,2026-01-18 00:00:00.000000,VA Line,prawn,,DAY,complete,WARNING: giveaway > 3%,121.7,3.0
003931,2026-01-18 00:00:00.000000,Line 3,cod,fillet,NIGHT,complete,WARNING: giveaway > 3%,826.8,1.0
003935,2026-01-18 00:00:00.000000,Line 3,pollock,fillet,DAY,complete,WARNING: giveaway > 3%,350.4,0.0
003932,2026-01-18 00:00:00.000000,Line 3,pollock,fillet,NIGHT,complete,WARNING: giveaway > 3%,258.8,3.0
003933,2026-01-18 00:00:00.000000,VA Line,prawn,,NIGHT,complete,WARNING: giveaway > 3%,226.7,2.0
003937,2026-01-18 00:00:00.000000,VA Line,,,NIGHT,complete,WARNING: giveaway > 3%,433.4,1.0
003934,2026-01-18 00:00:00.000000,Line 2,cod,loin,LATE,complete,WARNING: giveaway > 3%,622.4,1.0
003929,2026-01-18 00:00:00.000000,Line 2,seabass,fillet,NIGHT,complete,WARNING: giveaway > 3%,673.1,3.0
003928,2026-01-18 00:00:00.000000,VA Line,,,NIGHT,complete,WARNING: giveaway > 3%,310.0,0.0
003930,2026-01-18 00:00:00.000000,Line 2,cod,loin,DAY,complete,WARNING: giveaway > 3%,748.5,1.0
003938,2026-01-18 00:00:00.000000,Line 2,tuna,steak,DAY,complete,WARNING: giveaway > 3%,1193.9,2.0
003918,2026-01-19 00:00:00.000000,Line 2,tuna,steak,DAY,complete,WARNING: giveaway > 3%,883.8,0.0
003926,2026-01-19 00:00:00.000000,Line 2,cod,loin,NIGHT,complete,WARNING: giveaway > 3%,817.8,0.0
003917,2026-01-19 00:00:00.000000,VA Line,prawn,,DAY,complete,WARNING: giveaway > 3%,508.2,3.0
003920,2026-01-19 00:00:00.000000,Line 1,sole,fillet,DAY,complete,WARNING: giveaway > 3%,183.0,2.0
003919,2026-01-19 00:00:00.000000,Line 2,tuna,steak,DAY,complete,WARNING: giveaway > 3%,331.7,0.0
003925,2026-01-19 00:00:00.000000,Smoke Line,haddock,smoked,DAY,complete,WARNING: giveaway > 3%,269.1,2.0
003924,2026-01-19 00:00:00.000000,Line 2,seabass,fillet,DAY,complete,WARNING: giveaway > 3%,769.3,1.0
003922,2026-01-19 00:00:00.000000,VA Line,cod,breaded,NIGHT,complete,WARNING: giveaway > 3%,156.4,0.0
003927,2026-01-19 00:00:00.000000,Line 2,cod,loin,LATE,complete,WARNING: giveaway > 3%,534.6,0.0
003923,2026-01-19 00:00:00.000000,Line 2,cod,loin,LATE,complete,WARNING: giveaway > 3%,279.0,1.0
003921,2026-01-19 00:00:00.000000,VA Line,,,DAY,complete,WARNING: giveaway > 3%,136.7,0.0
003910,2026-01-20 00:00:00.000000,Smoke Line,mackerel,fillet,DAY,complete,WARNING: giveaway > 3%,323.9,2.0
003914,2026-01-20 00:00:00.000000,Smoke Line,haddock,smoked,NIGHT,complete,WARNING: giveaway > 3%,371.4,3.0
003911,2026-01-20 00:00:00.000000,VA Line,cod,breaded,NIGHT,complete,WARNING: giveaway > 3%,1492.0,3.0
003915,2026-01-20 00:00:00.000000,Line 2,seabass,fillet,NIGHT,complete,WARNING: giveaway > 3%,745.1,3.0
003913,2026-01-20 00:00:00.000000,Line 1,salmon,,LATE,complete,WARNING: giveaway > 3%,1278.8,3.0
003912,2026-01-20 00:00:00.000000,Smoke Line,mackerel,fillet,NIGHT,complete,WARNING: giveaway > 3%,251.9,0.0
003916,2026-01-20 00:00:00.000000,Line 2,tuna,steak,NIGHT,complete,WARNING: giveaway > 3%,276.5,2.0
003907,2026-01-21 00:00:00.000000,Line 2,tuna,steak,LATE,complete,WARNING: giveaway > 3%,987.1,0.0
003909,2026-01-21 00:00:00.000000,Smoke Line,haddock,smoked,DAY,complete,WARNING: giveaway > 3%,500.0,1.0
003899,2026-01-21 00:00:00.000000,Line 1,sole,fillet,NIGHT,complete,WARNING: giveaway > 3%,695.5,3.0
003906,2026-01-21 00:00:00.000000,Line 3,plaice,fillet,NIGHT,complete,WARNING: giveaway > 3%,311.4,2.0
003903,2026-01-21 00:00:00.000000,Line 3,cod,fillet,DAY,complete,WARNING: giveaway > 3%,488.2,0.0
003905,2026-01-21 00:00:00.000000,Line 3,cod,fillet,DAY,complete,WARNING: giveaway > 3%,692.7,0.0
003902,2026-01-21 00:00:00.000000,Smoke Line,mackerel,fillet,NIGHT,complete,WARNING: giveaway > 3%,200.2,1.0
003901,2026-01-21 00:00:00.000000,Line 1,salmon,portion,NIGHT,complete,WARNING: giveaway > 3%,770.1,1.0
003908,2026-01-21 00:00:00.000000,Line 1,salmon,portion,DAY,complete,WARNING: giveaway > 3%,623.6,3.0
003904,2026-01-21 00:00:00.000000,Smoke Line,haddock,smoked,DAY,complete,WARNING: giveaway > 3%,264.4,3.0
003900,2026-01-21 00:00:00.000000,Line 1,hake,fillet,NIGHT,complete,WARNING: giveaway > 3%,265.1,1.0
003898,2026-01-22 00:00:00.000000,Line 2,tuna,steak,LATE,complete,WARNING: giveaway > 3%,130.2,3.0
003896,2026-01-22 00:00:00.000000,Line 3,plaice,fillet,DAY,complete,WARNING: giveaway > 3%,611.7,2.0
003894,2026-01-22 00:00:00.000000,Line 3,plaice,fillet,LATE,complete,WARNING: giveaway > 3%,630.5,0.0
003897,2026-01-22 00:00:00.000000,Line 2,seabass,fillet,NIGHT,complete,WARNING: giveaway > 3%,364.2,1.0
003895,2026-01-22 00:00:00.000000,Line 1,sole,fillet,DAY,complete,WARNING: giveaway > 3%,787.3,1.0
003888,2026-01-23 00:00:00.000000,VA Line,prawn,,LATE,complete,WARNING: giveaway > 3%,342.9,0.0
003891,2026-01-23 00:00:00.000000,Smoke Line,haddock,smoked,DAY,complete,WARNING: giveaway > 3%,1193.5,2.0
003893,2026-01-23 00:00:00.000000,Line 3,cod,fillet,LATE,complete,WARNING: giveaway > 3%,318.7,3.0
003890,2026-01-23 00:00:00.000000,Line 2,seabass,fillet,LATE,complete,WARNING: giveaway > 3%,551.6,3.0
003887,2026-01-23 00:00:00.000000,Smoke Line,mackerel,fillet,DAY,complete,WARNING: giveaway > 3%,672.1,0.0
003889,2026-01-23 00:00:00.000000,Line 3,cod,fillet,NIGHT,complete,WARNING: giveaway > 3%,444.0,3.0
003892,2026-01-23 00:00:00.000000,Line 2,seabass,fillet,LATE,complete,WARNING: giveaway > 3%,1175.0,1.0
003877,2026-01-24 00:00:00.000000,Line 1,sole,fillet,DAY,complete,WARNING: giveaway > 3%,519.7,1.0
003886,2026-01-24 00:00:00.000000,Line 2,tuna,steak,DAY,complete,WARNING: giveaway > 3%,170.8,1.0
003876,2026-01-24 00:00:00.000000,Smoke Line,mackerel,fillet,NIGHT,complete,WARNING: giveaway > 3%,758.4,1.0
003882,2026-01-24 00:00:00.000000,Smoke Line,mackerel,fillet,LATE,complete,WARNING: giveaway > 3%,319.7,2.0
003884,2026-01-24 00:00:00.000000,Smoke Line,mackerel,fillet,DAY,complete,WARNING: giveaway > 3%,748.4,0.0
003878,2026-01-24 00:00:00.000000,Line 2,seabass,fillet,DAY,complete,WARNING: giveaway > 3%,1204.9,0.0
003879,2026-01-24 00:00:00.000000,Line 2,tuna,steak,DAY,complete,WARNING: giveaway > 3%,639.8,2.0
003880,2026-01-24 00:00:00.000000,Line 3,pollock,fillet,NIGHT,complete,WARNING: giveaway > 3%,397.5,3.0
003883,2026-01-24 00:00:00.000000,Line 1,hake,fillet,DAY,complete,WARNING: giveaway > 3%,153.2,0.0
003885,2026-01-24 00:00:00.000000,VA Line,cod,breaded,NIGHT,complete,WARNING: giveaway > 3%,349.3,0.0
003881,2026-01-24 00:00:00.000000,Line 1,sole,fillet,DAY,complete,WARNING: giveaway > 3%,453.4,2.0
003866,2026-01-25 00:00:00.000000,Line 1,sole,fillet,LATE,complete,WARNING: giveaway > 3%,735.0,3.0
003869,2026-01-25 00:00:00.000000,Line 1,salmon,portion,LATE,complete,WARNING: giveaway > 3%,892.9,0.0
003872,2026-01-25 00:00:00.000000,Line 3,cod,fillet,DAY,complete,WARNING: giveaway > 3%,509.6,1.0
003870,2026-01-25 00:00:00.000000,Line 1,hake,fillet,NIGHT,complete,WARNING: giveaway > 3%,962.2,3.0
003874,2026-01-25 00:00:00.000000,VA Line,,,LATE,complete,WARNING: giveaway > 3%,150.8,2.0
003875,2026-01-25 00:00:00.000000,VA Line,prawn,,DAY,complete,WARNING: giveaway > 3%,179.4,0.0
003871,2026-01-25 00:00:00.000000,Line 3,pollock,fillet,LATE,complete,WARNING: giveaway > 3%,1632.9,1.0
003868,2026-01-25 00:00:00.000000,VA Line,cod,breaded,LATE,complete,WARNING: giveaway > 3%,970.5,0.0
003873,2026-01-25 00:00:00.000000,Line 3,plaice,fillet,NIGHT,complete,WARNING: giveaway > 3%,826.3,1.0
003867,2026-01-25 00:00:00.000000,VA Line,prawn,,NIGHT,complete,WARNING: giveaway > 3%,714.1,0.0
003862,2026-01-26 00:00:00.000000,Line 1,salmon,portion,DAY,complete,WARNING: giveaway > 3%,216.8,3.0
003865,2026-01-26 00:00:00.000000,Smoke Line,mackerel,fillet,NIGHT,complete,WARNING: giveaway > 3%,409.4,3.0
003864,2026-01-26 00:00:00.000000,VA Line,cod,breaded,DAY,complete,WARNING: giveaway > 3%,701.3,1.0
003860,2026-01-26 00:00:00.000000,Line 1,sole,fillet,DAY,complete,WARNING: giveaway > 3%,88.0,3.0
003863,2026-01-26 00:00:00.000000,Line 1,hake,fillet,LATE,complete,WARNING: giveaway > 3%,472.2,0.0
003861,2026-01-26 00:00:00.000000,Line 3,plaice,fillet,NIGHT,complete,WARNING: giveaway > 3%,860.6,3.0
003859,2026-01-26 00:00:00.000000,Smoke Line,haddock,smoked,LATE,complete,WARNING: giveaway > 3%,500.1,1.0
003855,2026-01-27 00:00:00.000000,Line 1,sole,fillet,DAY,complete,WARNING: giveaway > 3%,1092.4,1.0
003858,2026-01-27 00:00:00.000000,Smoke Line,mackerel,fillet,NIGHT,complete,WARNING: giveaway > 3%,579.7,2.0
003856,2026-01-27 00:00:00.000000,Line 3,cod,fillet,DAY,complete,WARNING: giveaway > 3%,1117.8,1.0
003851,2026-01-27 00:00:00.000000,VA Line,cod,breaded,NIGHT,complete,WARNING: giveaway > 3%,799.7,0.0
003857,2026-01-27 00:00:00.000000,Smoke Line,haddock,smoked,DAY,complete,WARNING: giveaway > 3%,878.1,3.0
003854,2026-01-27 00:00:00.000000,Line 2,cod,loin,DAY,complete,WARNING: giveaway > 3%,398.5,1.0
003852,2026-01-27 00:00:00.000000,Line 3,cod,fillet,DAY,complete,WARNING: giveaway > 3%,181.8,0.0
003853,2026-01-27 00:00:00.000000,Smoke Line,haddock,smoked,LATE,complete,WARNING: giveaway > 3%,169.3,2.0
003847,2026-01-28 00:00:00.000000,Line 3,cod,fillet,DAY,complete,WARNING: giveaway > 3%,1680.3,3.0
003843,2026-01-28 00:00:00.000000,Smoke Line,mackerel,fillet,LATE,complete,WARNING: giveaway > 3%,970.7,3.0
003842,2026-01-28 00:00:00.000000,Line 1,salmon,portion,DAY,complete,WARNING: giveaway > 3%,477.7,3.0
003844,2026-01-28 00:00:00.000000,Line 2,seabass,fillet,DAY,complete,WARNING: giveaway > 3%,359.4,2.0
003840,2026-01-28 00:00:00.000000,VA Line,,,DAY,complete,WARNING: giveaway > 3%,1444.6,1.0
003845,2026-01-28 00:00:00.000000,VA Line,cod,breaded,LATE,complete,WARNING: giveaway > 3%,626.7,1.0
003841,2026-01-28 00:00:00.000000,Line 2,seabass,fillet,DAY,complete,WARNING: giveaway > 3%,618.5,2.0
003849,2026-01-28 00:00:00.000000,Line 3,pollock,fillet,LATE,complete,WARNING: giveaway > 3%,186.5,0.0
003850,2026-01-28 00:00:00.000000,Line 1,sole,fillet,NIGHT,complete,WARNING: giveaway > 3%,881.9,2.0
003848,2026-01-28 00:00:00.000000,Line 3,pollock,fillet,DAY,complete,WARNING: giveaway > 3%,1456.4,2.0
003846,2026-01-28 00:00:00.000000,Line 3,plaice,fillet,DAY,complete,WARNING: giveaway > 3%,918.8,1.0
003837,2026-01-29 00:00:00.000000,Line 2,tuna,steak,NIGHT,complete,WARNING: giveaway > 3%,1241.1,3.0
003836,2026-01-29 00:00:00.000000,Line 3,cod,fillet,DAY,complete,WARNING: giveaway > 3%,1024.5,1.0
003834,2026-01-29 00:00:00.000000,Line 3,plaice,fillet,DAY,complete,WARNING: giveaway > 3%,483.3,0.0
003838,2026-01-29 00:00:00.000000,Smoke Line,haddock,smoked,LATE,complete,WARNING: giveaway > 3%,995.8,3.0
003835,2026-01-29 00:00:00.000000,Line 3,plaice,fillet,LATE,complete,WARNING: giveaway > 3%,712.6,1.0
003839,2026-01-29 00:00:00.000000,Line 2,tuna,steak,NIGHT,complete,WARNING: giveaway > 3%,674.0,2.0
003833,2026-01-29 00:00:00.000000,VA Line,,,LATE,complete,WARNING: giveaway > 3%,1581.9,2.0
003824,2026-01-30 00:00:00.000000,Line 3,plaice,fillet,NIGHT,complete,WARNING: giveaway > 3%,522.9,0.0
003825,2026-01-30 00:00:00.000000,Line 1,salmon,portion,NIGHT,complete,WARNING: giveaway > 3%,735.4,0.0
003830,2026-01-30 00:00:00.000000,Line 1,salmon,,DAY,complete,WARNING: giveaway > 3%,132.7,1.0
003827,2026-01-30 00:00:00.000000,Line 1,salmon,portion,DAY,complete,WARNING: giveaway > 3%,676.8,1.0
003826,2026-01-30 00:00:00.000000,Smoke Line,haddock,smoked,LATE,complete,WARNING: giveaway > 3%,442.1,2.0
003832,2026-01-30 00:00:00.000000,Line 2,cod,loin,DAY,complete,WARNING: giveaway > 3%,421.9,1.0
003829,2026-01-30 00:00:00.000000,VA Line,cod,breaded,NIGHT,complete,WARNING: giveaway > 3%,1268.1,1.0
003831,2026-01-30 00:00:00.000000,Line 1,hake,fillet,LATE,complete,WARNING: giveaway > 3%,837.0,2.0
003823,2026-01-30 00:00:00.000000,Line 2,seabass,fillet,DAY,complete,WARNING: giveaway > 3%,374.9,1.0
003828,2026-01-30 00:00:00.000000,VA Line,prawn,,DAY,complete,WARNING: giveaway > 3%,1731.8,1.0
003819,2026-01-31 00:00:00.000000,Line 1,hake,fillet,NIGHT,complete,WARNING: giveaway > 3%,991.3,0.0
003822,2026-01-31 00:00:00.000000,Line 3,cod,fillet,LATE,complete,WARNING: giveaway > 3%,743.1,1.0
003820,2026-01-31 00:00:00.000000,Line 1,sole,fillet,DAY,complete,WARNING: giveaway > 3%,117.7,2.0
003821,2026-01-31 00:00:00.000000,Line 2,seabass,fillet,LATE,complete,WARNING: giveaway > 3%,851.9,2.0
003818,2026-01-31 00:00:00.000000,Line 1,sole,fillet,LATE,complete,WARNING: giveaway > 3%,613.0,1.0
003811,2026-02-01 00:00:00.000000,Line 1,sole,fillet,DAY,complete,WARNING: giveaway > 3%,839.3,1.0
003812,2026-02-01 00:00:00.000000,VA Line,prawn,,LATE,complete,WARNING: giveaway > 3%,462.2,0.0
003813,2026-02-01 00:00:00.000000,Line 2,cod,loin,DAY,complete,WARNING: giveaway > 3%,410.2,1.0
003815,2026-02-01 00:00:00.000000,Line 3,pollock,fillet,LATE,complete,WARNING: giveaway > 3%,278.6,0.0
003810,2026-02-01 00:00:00.000000,Line 1,hake,fillet,NIGHT,complete,WARNING: giveaway > 3%,1419.6,2.0
003816,2026-02-01 00:00:00.000000,Line 3,cod,fillet,DAY,complete,WARNING: giveaway > 3%,499.1,0.0
003808,2026-02-01 00:00:00.000000,Smoke Line,mackerel,fillet,DAY,complete,WARNING: giveaway > 3%,406.1,1.0
003817,2026-02-01 00:00:00.000000,Line 2,seabass,fillet,DAY,complete,WARNING: giveaway > 3%,530.5,2.0
003814,2026-02-01 00:00:00.000000,Line 3,pollock,fillet,LATE,complete,WARNING: giveaway > 3%,1679.6,0.0
003809,2026-02-01 00:00:00.000000,Line 1,salmon,,DAY,complete,WARNING: giveaway > 3%,737.8,3.0
003800,2026-02-02 00:00:00.000000,Line 2,seabass,fillet,LATE,complete,WARNING: giveaway > 3%,143.5,2.0
003798,2026-02-02 00:00:00.000000,Smoke Line,mackerel,fillet,LATE,complete,WARNING: giveaway > 3%,1506.4,1.0
003797,2026-02-02 00:00:00.000000,VA Line,,,DAY,complete,WARNING: giveaway > 3%,422.9,1.0
003799,2026-02-02 00:00:00.000000,Line 1,salmon,portion,NIGHT,complete,WARNING: giveaway > 3%,969.5,2.0
003805,2026-02-02 00:00:00.000000,Line 3,cod,fillet,LATE,complete,WARNING: giveaway > 3%,401.3,2.0
003801,2026-02-02 00:00:00.000000,Smoke Line,haddock,smoked,NIGHT,complete,WARNING: giveaway > 3%,635.6,0.0
003807,2026-02-02 00:00:00.000000,Line 1,salmon,portion,DAY,complete,WARNING: giveaway > 3%,1225.3,0.0
003796,2026-02-02 00:00:00.000000,Line 1,hake,fillet,LATE,complete,WARNING: giveaway > 3%,1105.8,1.0
003804,2026-02-02 00:00:00.000000,Line 1,salmon,portion,NIGHT,complete,WARNING: giveaway > 3%,384.4,3.0
003803,2026-02-02 00:00:00.000000,Smoke Line,haddock,smoked,LATE,complete,WARNING: giveaway > 3%,602.3,0.0
003806,2026-02-02 00:00:00.000000,VA Line,prawn,,DAY,complete,WARNING: giveaway > 3%,1442.5,1.0
003802,2026-02-02 00:00:00.000000,Line 1,sole,fillet,DAY,complete,WARNING: giveaway > 3%,1698.5,3.0
003793,2026-02-03 00:00:00.000000,Line 1,hake,fillet,DAY,complete,WARNING: giveaway > 3%,323.8,2.0
003794,2026-02-03 00:00:00.000000,Line 1,sole,fillet,DAY,complete,WARNING: giveaway > 3%,538.6,1.0
003791,2026-02-03 00:00:00.000000,Line 2,tuna,steak,NIGHT,complete,WARNING: giveaway > 3%,635.5,0.0
003795,2026-02-03 00:00:00.000000,Line 3,cod,fillet,LATE,complete,WARNING: giveaway > 3%,106.9,0.0
003792,2026-02-03 00:00:00.000000,Smoke Line,haddock,smoked,NIGHT,complete,WARNING: giveaway > 3%,801.6,0.0
003787,2026-02-04 00:00:00.000000,Smoke Line,haddock,smoked,DAY,complete,WARNING: giveaway > 3%,811.7,0.0
003789,2026-02-04 00:00:00.000000,VA Line,prawn,,LATE,complete,WARNING: giveaway > 3%,677.6,3.0
003785,2026-02-04 00:00:00.000000,Line 3,plaice,fillet,NIGHT,complete,WARNING: giveaway > 3%,591.8,2.0
003788,2026-02-04 00:00:00.000000,VA Line,,,LATE,complete,WARNING: giveaway > 3%,440.9,0.0
003786,2026-02-04 00:00:00.000000,Line 1,sole,fillet,NIGHT,complete,WARNING: giveaway > 3%,691.4,2.0
003784,2026-02-04 00:00:00.000000,Line 2,seabass,fillet,LATE,complete,WARNING: giveaway > 3%,733.9,2.0
003790,2026-02-04 00:00:00.000000,VA Line,prawn,,NIGHT,complete,WARNING: giveaway > 3%,405.6,3.0
003783,2026-02-04 00:00:00.000000,Line 2,seabass,fillet,NIGHT,complete,WARNING: giveaway > 3%,696.9,3.0
003782,2026-02-05 00:00:00.000000,Line 2,cod,loin,NIGHT,complete,WARNING: giveaway > 3%,885.6,3.0
003781,2026-02-05 00:00:00.000000,Line 2,cod,loin,LATE,complete,WARNING: giveaway > 3%,978.0,0.0
003773,2026-02-05 00:00:00.000000,Line 2,cod,loin,LATE,complete,WARNING: giveaway > 3%,735.6,0.0
003775,2026-02-05 00:00:00.000000,VA Line,,,DAY,complete,WARNING: giveaway > 3%,784.9,3.0
003777,2026-02-05 00:00:00.000000,VA Line,,,LATE,complete,WARNING: giveaway > 3%,326.8,1.0
003780,2026-02-05 00:00:00.000000,VA Line,,,DAY,complete,WARNING: giveaway > 3%,1184.3,2.0
003779,2026-02-05 00:00:00.000000,VA Line,prawn,,DAY,complete,WARNING: giveaway > 3%,391.0,0.0
003774,2026-02-05 00:00:00.000000,Line 1,salmon,,LATE,complete,WARNING: giveaway > 3%,377.5,1.0
003778,2026-02-05 00:00:00.000000,Line 3,plaice,fillet,NIGHT,complete,WARNING: giveaway > 3%,153.9,1.0
003776,2026-02-05 00:00:00.000000,Line 1,sole,fillet,DAY,complete,WARNING: giveaway > 3%,384.3,0.0
003772,2026-02-06 00:00:00.000000,Line 3,pollock,fillet,NIGHT,complete,WARNING: giveaway > 3%,368.6,3.0
003766,2026-02-06 00:00:00.000000,Smoke Line,mackerel,fillet,NIGHT,complete,WARNING: giveaway > 3%,572.0,0.0
003769,2026-02-06 00:00:00.000000,Line 3,plaice,fillet,NIGHT,complete,WARNING: giveaway > 3%,650.6,2.0
003765,2026-02-06 00:00:00.000000,Line 2,tuna,steak,LATE,complete,WARNING: giveaway > 3%,1094.8,0.0
003767,2026-02-06 00:00:00.000000,Line 3,cod,fillet,DAY,complete,WARNING: giveaway > 3%,214.7,1.0
003770,2026-02-06 00:00:00.000000,VA Line,cod,breaded,NIGHT,complete,WARNING: giveaway > 3%,126.1,0.0
003764,2026-02-06 00:00:00.000000,Line 3,pollock,fillet,DAY,complete,WARNING: giveaway > 3%,674.0,1.0
003771,2026-02-06 00:00:00.000000,Line 3,cod,fillet,LATE,complete,WARNING: giveaway > 3%,917.7,0.0
003768,2026-02-06 00:00:00.000000,Line 1,hake,fillet,LATE,complete,WARNING: giveaway > 3%,1549.7,0.0
003758,2026-02-07 00:00:00.000000,Smoke Line,mackerel,fillet,DAY,complete,WARNING: giveaway > 3%,419.2,0.0
003760,2026-02-07 00:00:00.000000,Line 1,sole,fillet,DAY,complete,WARNING: giveaway > 3%,1021.4,3.0
003761,2026-02-07 00:00:00.000000,Line 1,salmon,portion,DAY,complete,WARNING: giveaway > 3%,641.1,2.0
003762,2026-02-07 00:00:00.000000,Line 2,cod,loin,LATE,complete,WARNING: giveaway > 3%,313.6,3.0
003757,2026-02-07 00:00:00.000000,Line 2,tuna,steak,LATE,complete,WARNING: giveaway > 3%,525.9,0.0
003759,2026-02-07 00:00:00.000000,Line 2,seabass,fillet,DAY,complete,WARNING: giveaway > 3%,1210.4,3.0
003763,2026-02-07 00:00:00.000000,Line 3,pollock,fillet,LATE,complete,WARNING: giveaway > 3%,200.5,0.0
003756,2026-02-07 00:00:00.000000,Line 2,seabass,fillet,DAY,complete,WARNING: giveaway > 3%,1719.6,3.0
003751,2026-02-08 00:00:00.000000,Smoke Line,mackerel,fillet,NIGHT,complete,WARNING: giveaway > 3%,771.1,2.0
003752,2026-02-08 00:00:00.000000,Smoke Line,mackerel,fillet,DAY,complete,WARNING: giveaway > 3%,368.6,2.0
003753,2026-02-08 00:00:00.000000,Line 2,tuna,steak,LATE,complete,WARNING: giveaway > 3%,1099.7,3.0
003754,2026-02-08 00:00:00.000000,Line 2,tuna,steak,DAY,complete,WARNING: giveaway > 3%,880.9,0.0
003755,2026-02-08 00:00:00.000000,VA Line,,,LATE,complete,WARNING: giveaway > 3%,470.9,1.0
003747,2026-02-09 00:00:00.000000,VA Line,prawn,,LATE,complete,WARNING: giveaway > 3%,1687.1,0.0
003749,2026-02-09 00:00:00.000000,Smoke Line,mackerel,fillet,DAY,complete,WARNING: giveaway > 3%,612.2,1.0
003746,2026-02-09 00:00:00.000000,VA Line,,,DAY,complete,WARNING: giveaway > 3%,419.3,1.0
003748,2026-02-09 00:00:00.000000,VA Line,cod,breaded,DAY,complete,WARNING: giveaway > 3%,510.3,3.0
003750,2026-02-09 00:00:00.000000,Line 3,plaice,fillet,LATE,complete,WARNING: giveaway > 3%,487.0,2.0
003745,2026-02-10 00:00:00.000000,VA Line,,,NIGHT,complete,WARNING: giveaway > 3%,147.4,2.0
003741,2026-02-10 00:00:00.000000,VA Line,cod,breaded,LATE,complete,WARNING: giveaway > 3%,333.4,0.0
003742,2026-02-10 00:00:00.000000,Smoke Line,haddock,smoked,LATE,complete,WARNING: giveaway > 3%,309.0,1.0
003744,2026-02-10 00:00:00.000000,VA Line,cod,breaded,NIGHT,complete,WARNING: giveaway > 3%,105.8,2.0
003743,2026-02-10 00:00:00.000000,Line 1,sole,fillet,DAY,complete,WARNING: giveaway > 3%,528.6,2.0
003737,2026-02-11 00:00:00.000000,Line 1,hake,fillet,NIGHT,complete,WARNING: giveaway > 3%,522.1,3.0
003740,2026-02-11 00:00:00.000000,Line 1,salmon,portion,NIGHT,complete,WARNING: giveaway > 3%,842.8,2.0
003739,2026-02-11 00:00:00.000000,Line 2,tuna,steak,LATE,complete,WARNING: giveaway > 3%,185.8,0.0
003738,2026-02-11 00:00:00.000000,Line 1,salmon,,LATE,complete,WARNING: giveaway > 3%,194.8,1.0
003736,2026-02-11 00:00:00.000000,Line 1,salmon,,NIGHT,complete,WARNING: giveaway > 3%,606.9,1.0
003728,2026-02-12 00:00:00.000000,VA Line,prawn,,NIGHT,complete,WARNING: giveaway > 3%,248.3,2.0
003726,2026-02-12 00:00:00.000000,VA Line,prawn,,LATE,complete,WARNING: giveaway > 3%,854.0,0.0
003727,2026-02-12 00:00:00.000000,Line 1,salmon,,LATE,complete,WARNING: giveaway > 3%,604.6,1.0
003725,2026-02-12 00:00:00.000000,Line 1,hake,fillet,LATE,complete,WARNING: giveaway > 3%,304.9,0.0
003733,2026-02-12 00:00:00.000000,Line 3,plaice,fillet,NIGHT,complete,WARNING: giveaway > 3%,115.4,0.0
003724,2026-02-12 00:00:00.000000,Smoke Line,haddock,smoked,LATE,complete,WARNING: giveaway > 3%,360.3,3.0
003734,2026-02-12 00:00:00.000000,Line 1,salmon,portion,LATE,complete,WARNING: giveaway > 3%,419.6,0.0
003731,2026-02-12 00:00:00.000000,Line 3,plaice,fillet,DAY,complete,WARNING: giveaway > 3%,186.5,2.0
003729,2026-02-12 00:00:00.000000,Line 1,hake,fillet,NIGHT,complete,WARNING: giveaway > 3%,577.2,0.0
003735,2026-02-12 00:00:00.000000,Line 1,hake,fillet,NIGHT,complete,WARNING: giveaway > 3%,1325.3,2.0
003732,2026-02-12 00:00:00.000000,Line 2,cod,loin,DAY,complete,WARNING: giveaway > 3%,780.1,0.0
003730,2026-02-12 00:00:00.000000,Line 2,tuna,steak,LATE,complete,WARNING: giveaway > 3%,638.6,3.0
003716,2026-02-13 00:00:00.000000,Line 3,pollock,fillet,LATE,complete,WARNING: giveaway > 3%,454.6,1.0
003720,2026-02-13 00:00:00.000000,Line 2,cod,loin,LATE,complete,WARNING: giveaway > 3%,735.5,1.0
003714,2026-02-13 00:00:00.000000,VA Line,cod,breaded,LATE,complete,WARNING: giveaway > 3%,815.6,1.0
003715,2026-02-13 00:00:00.000000,VA Line,cod,breaded,LATE,complete,WARNING: giveaway > 3%,478.0,2.0
003717,2026-02-13 00:00:00.000000,Line 2,seabass,fillet,LATE,complete,WARNING: giveaway > 3%,289.2,3.0
003721,2026-02-13 00:00:00.000000,VA Line,prawn,,LATE,complete,WARNING: giveaway > 3%,460.0,1.0
003723,2026-02-13 00:00:00.000000,Smoke Line,mackerel,fillet,NIGHT,complete,WARNING: giveaway > 3%,524.0,0.0
003722,2026-02-13 00:00:00.000000,Line 1,salmon,,NIGHT,complete,WARNING: giveaway > 3%,119.1,1.0
003719,2026-02-13 00:00:00.000000,Line 1,sole,fillet,LATE,complete,WARNING: giveaway > 3%,350.9,0.0
003713,2026-02-13 00:00:00.000000,Line 2,tuna,steak,DAY,complete,WARNING: giveaway > 3%,662.9,0.0
003718,2026-02-13 00:00:00.000000,Line 3,cod,fillet,NIGHT,complete,WARNING: giveaway > 3%,639.7,0.0
003707,2026-02-14 00:00:00.000000,Line 1,salmon,,NIGHT,complete,WARNING: giveaway > 3%,1341.1,2.0
003710,2026-02-14 00:00:00.000000,Line 2,seabass,fillet,NIGHT,complete,WARNING: giveaway > 3%,218.5,2.0
003708,2026-02-14 00:00:00.000000,Line 3,plaice,fillet,LATE,complete,WARNING: giveaway > 3%,368.8,0.0
003706,2026-02-14 00:00:00.000000,Line 1,salmon,,LATE,complete,WARNING: giveaway > 3%,581.6,2.0
003711,2026-02-14 00:00:00.000000,Line 1,hake,fillet,DAY,complete,WARNING: giveaway > 3%,503.0,2.0
003712,2026-02-14 00:00:00.000000,Smoke Line,mackerel,fillet,NIGHT,complete,WARNING: giveaway > 3%,845.9,3.0
003709,2026-02-14 00:00:00.000000,Line 2,cod,loin,NIGHT,complete,WARNING: giveaway > 3%,770.6,3.0
003705,2026-02-15 00:00:00.000000,VA Line,cod,breaded,LATE,complete,WARNING: giveaway > 3%,230.3,2.0
003698,2026-02-15 00:00:00.000000,Line 1,hake,fillet,DAY,complete,WARNING: giveaway > 3%,396.5,0.0
003703,2026-02-15 00:00:00.000000,VA Line,prawn,,NIGHT,complete,WARNING: giveaway > 3%,285.8,3.0
003702,2026-02-15 00:00:00.000000,Line 2,seabass,fillet,NIGHT,complete,WARNING: giveaway > 3%,901.1,2.0
003697,2026-02-15 00:00:00.000000,Line 1,sole,fillet,NIGHT,complete,WARNING: giveaway > 3%,234.8,0.0
003704,2026-02-15 00:00:00.000000,Line 2,tuna,steak,DAY,complete,WARNING: giveaway > 3%,780.8,3.0
003700,2026-02-15 00:00:00.000000,Line 1,hake,fillet,NIGHT,complete,WARNING: giveaway > 3%,189.4,0.0
003699,2026-02-15 00:00:00.000000,VA Line,,,DAY,complete,WARNING: giveaway > 3%,816.9,2.0
003701,2026-02-15 00:00:00.000000,Line 2,tuna,steak,DAY,complete,WARNING: giveaway > 3%,160.8,0.0
003690,2026-02-16 00:00:00.000000,Line 2,seabass,fillet,DAY,complete,WARNING: giveaway > 3%,154.7,3.0
003688,2026-02-16 00:00:00.000000,VA Line,,,DAY,complete,WARNING: giveaway > 3%,865.8,2.0
003689,2026-02-16 00:00:00.000000,Line 3,pollock,fillet,NIGHT,complete,WARNING: giveaway > 3%,432.3,0.0
003694,2026-02-16 00:00:00.000000,Line 2,tuna,steak,DAY,complete,WARNING: giveaway > 3%,680.4,0.0
003691,2026-02-16 00:00:00.000000,Line 3,pollock,fillet,NIGHT,complete,WARNING: giveaway > 3%,114.7,0.0
003693,2026-02-16 00:00:00.000000,Smoke Line,haddock,smoked,LATE,complete,WARNING: giveaway > 3%,394.2,2.0
003692,2026-02-16 00:00:00.000000,Line 2,seabass,fillet,LATE,complete,WARNING: giveaway > 3%,159.7,2.0
003696,2026-02-16 00:00:00.000000,Line 2,tuna,steak,DAY,complete,WARNING: giveaway > 3%,635.2,0.0
003695,2026-02-16 00:00:00.000000,VA Line,,,DAY,complete,WARNING: giveaway > 3%,442.5,1.0
003686,2026-02-17 00:00:00.000000,Line 3,cod,fillet,DAY,complete,WARNING: giveaway > 3%,637.4,3.0
003683,2026-02-17 00:00:00.000000,Smoke Line,mackerel,fillet,DAY,complete,WARNING: giveaway > 3%,658.8,0.0
003685,2026-02-17 00:00:00.000000,VA Line,prawn,,DAY,complete,WARNING: giveaway > 3%,925.1,0.0
003684,2026-02-17 00:00:00.000000,VA Line,cod,breaded,NIGHT,complete,WARNING: giveaway > 3%,559.6,0.0
003687,2026-02-17 00:00:00.000000,Line 1,sole,fillet,DAY,complete,WARNING: giveaway > 3%,613.4,0.0
003677,2026-02-18 00:00:00.000000,Smoke Line,mackerel,fillet,DAY,complete,WARNING: giveaway > 3%,368.2,3.0
003679,2026-02-18 00:00:00.000000,Line 2,seabass,fillet,LATE,complete,WARNING: giveaway > 3%,145.6,1.0
003681,2026-02-18 00:00:00.000000,Line 1,sole,fillet,LATE,complete,WARNING: giveaway > 3%,226.4,2.0
003680,2026-02-18 00:00:00.000000,Line 1,hake,fillet,NIGHT,complete,WARNING: giveaway > 3%,1919.9,3.0
003682,2026-02-18 00:00:00.000000,Line 1,salmon,,NIGHT,complete,WARNING: giveaway > 3%,980.3,3.0
003678,2026-02-18 00:00:00.000000,Smoke Line,mackerel,fillet,LATE,complete,WARNING: giveaway > 3%,626.7,3.0
003670,2026-02-19 00:00:00.000000,Line 1,sole,fillet,NIGHT,complete,WARNING: giveaway > 3%,798.0,1.0
003669,2026-02-19 00:00:00.000000,Smoke Line,haddock,smoked,DAY,complete,WARNING: giveaway > 3%,127.6,1.0
003675,2026-02-19 00:00:00.000000,Smoke Line,haddock,smoked,LATE,complete,WARNING: giveaway > 3%,1017.3,0.0
003665,2026-02-19 00:00:00.000000,Line 1,sole,fillet,LATE,complete,WARNING: giveaway > 3%,695.5,2.0
003676,2026-02-19 00:00:00.000000,Smoke Line,haddock,smoked,NIGHT,complete,WARNING: giveaway > 3%,705.2,0.0
003672,2026-02-19 00:00:00.000000,VA Line,,,NIGHT,complete,WARNING: giveaway > 3%,280.4,3.0
003667,2026-02-19 00:00:00.000000,Line 1,hake,fillet,LATE,complete,WARNING: giveaway > 3%,208.8,3.0
003674,2026-02-19 00:00:00.000000,Line 2,seabass,fillet,LATE,complete,WARNING: giveaway > 3%,222.0,1.0
003671,2026-02-19 00:00:00.000000,Line 3,pollock,fillet,DAY,complete,WARNING: giveaway > 3%,695.3,3.0
003673,2026-02-19 00:00:00.000000,Line 2,seabass,fillet,DAY,complete,WARNING: giveaway > 3%,268.2,1.0
003668,2026-02-19 00:00:00.000000,Smoke Line,haddock,smoked,LATE,complete,WARNING: giveaway > 3%,518.2,2.0
003666,2026-02-19 00:00:00.000000,Line 1,hake,fillet,DAY,complete,WARNING: giveaway > 3%,541.9,3.0
003664,2026-02-20 00:00:00.000000,Smoke Line,haddock,smoked,DAY,complete,WARNING: giveaway > 3%,729.2,0.0
003662,2026-02-20 00:00:00.000000,Line 1,sole,fillet,NIGHT,complete,WARNING: giveaway > 3%,281.0,1.0
003663,2026-02-20 00:00:00.000000,Line 1,hake,fillet,DAY,complete,WARNING: giveaway > 3%,557.8,3.0
003660,2026-02-20 00:00:00.000000,Line 1,hake,fillet,DAY,complete,WARNING: giveaway > 3%,298.6,1.0
003661,2026-02-20 00:00:00.000000,VA Line,,,DAY,complete,WARNING: giveaway > 3%,1538.2,0.0
003651,2026-02-21 00:00:00.000000,Smoke Line,haddock,smoked,LATE,complete,WARNING: giveaway > 3%,109.5,3.0
003653,2026-02-21 00:00:00.000000,Line 2,tuna,steak,NIGHT,complete,WARNING: giveaway > 3%,618.3,2.0
003656,2026-02-21 00:00:00.000000,Line 2,seabass,fillet,LATE,complete,WARNING: giveaway > 3%,441.4,3.0
003654,2026-02-21 00:00:00.000000,Smoke Line,mackerel,fillet,LATE,complete,WARNING: giveaway > 3%,1666.5,1.0
003658,2026-02-21 00:00:00.000000,Line 3,plaice,fillet,LATE,complete,WARNING: giveaway > 3%,329.8,0.0
003657,2026-02-21 00:00:00.000000,Line 1,hake,fillet,DAY,complete,WARNING: giveaway > 3%,271.5,1.0
003659,2026-02-21 00:00:00.000000,Smoke Line,mackerel,fillet,NIGHT,complete,WARNING: giveaway > 3%,1453.7,1.0
003655,2026-02-21 00:00:00.000000,VA Line,,,NIGHT,complete,WARNING: giveaway > 3%,587.1,1.0
003652,2026-02-21 00:00:00.000000,Line 2,seabass,fillet,DAY,complete,WARNING: giveaway > 3%,854.1,1.0
003644,2026-02-22 00:00:00.000000,Line 3,cod,fillet,NIGHT,complete,WARNING: giveaway > 3%,934.1,0.0
003641,2026-02-22 00:00:00.000000,Line 1,hake,fillet,DAY,complete,WARNING: giveaway > 3%,220.0,1.0
003646,2026-02-22 00:00:00.000000,Line 1,salmon,,DAY,complete,WARNING: giveaway > 3%,614.2,2.0
003648,2026-02-22 00:00:00.000000,Line 1,hake,fillet,NIGHT,complete,WARNING: giveaway > 3%,544.0,3.0
003642,2026-02-22 00:00:00.000000,Line 3,pollock,fillet,NIGHT,complete,WARNING: giveaway > 3%,926.2,1.0
003645,2026-02-22 00:00:00.000000,VA Line,,,DAY,complete,WARNING: giveaway > 3%,490.0,1.0
003647,2026-02-22 00:00:00.000000,VA Line,cod,breaded,NIGHT,complete,WARNING: giveaway > 3%,1256.4,1.0
003643,2026-02-22 00:00:00.000000,Line 3,plaice,fillet,DAY,complete,WARNING: giveaway > 3%,681.6,2.0
003650,2026-02-22 00:00:00.000000,Line 2,cod,loin,LATE,complete,WARNING: giveaway > 3%,196.1,0.0
003649,2026-02-22 00:00:00.000000,Line 1,salmon,,LATE,complete,WARNING: giveaway > 3%,601.3,0.0
003635,2026-02-23 00:00:00.000000,Line 1,salmon,portion,LATE,complete,WARNING: giveaway > 3%,458.2,1.0
003638,2026-02-23 00:00:00.000000,Line 2,seabass,fillet,NIGHT,complete,WARNING: giveaway > 3%,1294.9,3.0
003634,2026-02-23 00:00:00.000000,Line 2,tuna,steak,LATE,complete,WARNING: giveaway > 3%,205.2,0.0
003636,2026-02-23 00:00:00.000000,Line 1,salmon,portion,LATE,complete,WARNING: giveaway > 3%,1369.0,3.0
003637,2026-02-23 00:00:00.000000,VA Line,,,DAY,complete,WARNING: giveaway > 3%,606.1,1.0
003639,2026-02-23 00:00:00.000000,VA Line,prawn,,DAY,complete,WARNING: giveaway > 3%,821.5,1.0
003640,2026-02-23 00:00:00.000000,Line 3,pollock,fillet,LATE,complete,WARNING: giveaway > 3%,1540.7,1.0
003628,2026-02-24 00:00:00.000000,Smoke Line,mackerel,fillet,LATE,complete,WARNING: giveaway > 3%,858.7,0.0
003631,2026-02-24 00:00:00.000000,Smoke Line,mackerel,fillet,DAY,complete,WARNING: giveaway > 3%,194.0,2.0
003629,2026-02-24 00:00:00.000000,VA Line,,,NIGHT,complete,WARNING: giveaway > 3%,279.0,0.0
003630,2026-02-24 00:00:00.000000,Smoke Line,mackerel,fillet,DAY,complete,WARNING: giveaway > 3%,646.9,1.0
003632,2026-02-24 00:00:00.000000,Smoke Line,haddock,smoked,LATE,complete,WARNING: giveaway > 3%,457.0,0.0
003633,2026-02-24 00:00:00.000000,Line 3,plaice,fillet,DAY,complete,WARNING: giveaway > 3%,251.6,1.0
003627,2026-02-24 00:00:00.000000,Line 2,tuna,steak,LATE,complete,WARNING: giveaway > 3%,141.3,1.0
003626,2026-02-24 00:00:00.000000,Line 2,seabass,fillet,NIGHT,complete,WARNING: giveaway > 3%,600.5,0.0
003623,2026-02-25 00:00:00.000000,Line 1,salmon,portion,DAY,complete,WARNING: giveaway > 3%,464.5,3.0
003620,2026-02-25 00:00:00.000000,Line 1,salmon,portion,NIGHT,complete,WARNING: giveaway > 3%,442.8,0.0
003624,2026-02-25 00:00:00.000000,Line 1,sole,fillet,LATE,complete,WARNING: giveaway > 3%,1662.5,3.0
003622,2026-02-25 00:00:00.000000,Line 1,salmon,portion,NIGHT,complete,WARNING: giveaway > 3%,402.0,1.0
003625,2026-02-25 00:00:00.000000,Line 3,cod,fillet,DAY,complete,WARNING: giveaway > 3%,612.6,3.0
003619,2026-02-25 00:00:00.000000,Line 3,pollock,fillet,DAY,complete,WARNING: giveaway > 3%,436.7,0.0
003621,2026-02-25 00:00:00.000000,Line 3,cod,fillet,DAY,complete,WARNING: giveaway > 3%,247.1,2.0
003618,2026-02-25 00:00:00.000000,Smoke Line,haddock,smoked,DAY,complete,WARNING: giveaway > 3%,175.7,0.0
003617,2026-02-26 00:00:00.000000,VA Line,cod,breaded,NIGHT,complete,WARNING: giveaway > 3%,560.8,0.0
003616,2026-02-26 00:00:00.000000,Line 2,tuna,steak,LATE,complete,WARNING: giveaway > 3%,654.1,1.0
003614,2026-02-26 00:00:00.000000,Smoke Line,haddock,smoked,LATE,complete,WARNING: giveaway > 3%,439.1,1.0
003613,2026-02-26 00:00:00.000000,Line 1,salmon,portion,DAY,complete,WARNING: giveaway > 3%,346.4,2.0
003615,2026-02-26 00:00:00.000000,Line 3,pollock,fillet,LATE,complete,WARNING: giveaway > 3%,505.6,3.0
003610,2026-02-27 00:00:00.000000,VA Line,cod,breaded,DAY,complete,WARNING: giveaway > 3%,845.9,2.0
003611,2026-02-27 00:00:00.000000,Line 1,salmon,,NIGHT,complete,WARNING: giveaway > 3%,711.2,1.0
003612,2026-02-27 00:00:00.000000,VA Line,cod,breaded,NIGHT,complete,WARNING: giveaway > 3%,1186.8,3.0
003604,2026-02-27 00:00:00.000000,Smoke Line,haddock,smoked,DAY,complete,WARNING: giveaway > 3%,231.3,3.0
003607,2026-02-27 00:00:00.000000,Smoke Line,mackerel,fillet,LATE,complete,WARNING: giveaway > 3%,1040.9,3.0
003605,2026-02-27 00:00:00.000000,Line 2,seabass,fillet,NIGHT,complete,WARNING: giveaway > 3%,447.0,1.0
003609,2026-02-27 00:00:00.000000,Line 1,sole,fillet,NIGHT,complete,WARNING: giveaway > 3%,682.0,0.0
003608,2026-02-27 00:00:00.000000,Smoke Line,haddock,smoked,DAY,complete,WARNING: giveaway > 3%,211.7,2.0
003603,2026-02-27 00:00:00.000000,Line 1,salmon,portion,NIGHT,complete,WARNING: giveaway > 3%,884.9,1.0
003606,2026-02-27 00:00:00.000000,Smoke Line,mackerel,fillet,DAY,complete,WARNING: giveaway > 3%,204.0,1.0
003597,2026-02-28 00:00:00.000000,VA Line,cod,breaded,LATE,complete,WARNING: giveaway > 3%,1168.9,3.0
003598,2026-02-28 00:00:00.000000,VA Line,,,DAY,complete,WARNING: giveaway > 3%,593.2,0.0
003600,2026-02-28 00:00:00.000000,Line 3,plaice,fillet,DAY,complete,WARNING: giveaway > 3%,371.6,2.0
003601,2026-02-28 00:00:00.000000,VA Line,prawn,,DAY,complete,WARNING: giveaway > 3%,367.0,1.0
003599,2026-02-28 00:00:00.000000,Line 3,cod,fillet,DAY,complete,WARNING: giveaway > 3%,888.2,3.0
003596,2026-02-28 00:00:00.000000,Line 3,plaice,fillet,LATE,complete,WARNING: giveaway > 3%,438.2,1.0
003602,2026-02-28 00:00:00.000000,VA Line,prawn,,DAY,complete,WARNING: giveaway > 3%,368.6,3.0
003589,2026-03-01 00:00:00.000000,Line 2,tuna,steak,DAY,complete,WARNING: giveaway > 3%,326.3,0.0
003590,2026-03-01 00:00:00.000000,Line 3,plaice,fillet,NIGHT,complete,WARNING: giveaway > 3%,133.6,0.0
003587,2026-03-01 00:00:00.000000,VA Line,cod,breaded,LATE,complete,WARNING: giveaway > 3%,324.6,3.0
003592,2026-03-01 00:00:00.000000,VA Line,,,LATE,complete,WARNING: giveaway > 3%,494.2,1.0
003594,2026-03-01 00:00:00.000000,Line 3,pollock,fillet,DAY,complete,WARNING: giveaway > 3%,487.7,0.0
003591,2026-03-01 00:00:00.000000,Line 2,seabass,fillet,DAY,complete,WARNING: giveaway > 3%,605.5,3.0
003588,2026-03-01 00:00:00.000000,VA Line,,,DAY,complete,WARNING: giveaway > 3%,581.0,3.0
003595,2026-03-01 00:00:00.000000,Line 1,sole,fillet,LATE,complete,WARNING: giveaway > 3%,1829.3,2.0
003593,2026-03-01 00:00:00.000000,VA Line,prawn,,LATE,complete,WARNING: giveaway > 3%,656.2,2.0
003586,2026-03-01 00:00:00.000000,Line 2,tuna,steak,NIGHT,complete,WARNING: giveaway > 3%,349.6,3.0
003585,2026-03-02 00:00:00.000000,Line 3,cod,fillet,NIGHT,complete,WARNING: giveaway > 3%,468.2,3.0
003578,2026-03-02 00:00:00.000000,Smoke Line,mackerel,fillet,NIGHT,complete,WARNING: giveaway > 3%,553.9,0.0
003581,2026-03-02 00:00:00.000000,Smoke Line,mackerel,fillet,LATE,complete,WARNING: giveaway > 3%,659.5,2.0
003579,2026-03-02 00:00:00.000000,Smoke Line,mackerel,fillet,DAY,complete,WARNING: giveaway > 3%,696.7,0.0
003583,2026-03-02 00:00:00.000000,Line 1,salmon,portion,LATE,complete,WARNING: giveaway > 3%,408.4,1.0
003582,2026-03-02 00:00:00.000000,VA Line,,,NIGHT,complete,WARNING: giveaway > 3%,589.4,2.0
003577,2026-03-02 00:00:00.000000,Line 1,salmon,,LATE,complete,WARNING: giveaway > 3%,715.0,0.0
003584,2026-03-02 00:00:00.000000,Line 2,cod,loin,NIGHT,complete,WARNING: giveaway > 3%,707.5,1.0
003580,2026-03-02 00:00:00.000000,VA Line,cod,breaded,DAY,complete,WARNING: giveaway > 3%,235.3,3.0
003576,2026-03-02 00:00:00.000000,VA Line,,,DAY,complete,WARNING: giveaway > 3%,431.1,3.0
003573,2026-03-03 00:00:00.000000,Line 3,pollock,fillet,NIGHT,complete,WARNING: giveaway > 3%,333.2,2.0
003574,2026-03-03 00:00:00.000000,Line 2,seabass,fillet,NIGHT,complete,WARNING: giveaway > 3%,490.6,1.0
003568,2026-03-03 00:00:00.000000,Line 3,plaice,fillet,DAY,complete,WARNING: giveaway > 3%,935.6,1.0
003571,2026-03-03 00:00:00.000000,VA Line,cod,breaded,LATE,complete,WARNING: giveaway > 3%,1006.1,3.0
003575,2026-03-03 00:00:00.000000,Line 2,tuna,steak,DAY,complete,WARNING: giveaway > 3%,688.3,0.0
003567,2026-03-03 00:00:00.000000,Smoke Line,mackerel,fillet,NIGHT,complete,WARNING: giveaway > 3%,1188.2,0.0
003570,2026-03-03 00:00:00.000000,Line 3,plaice,fillet,NIGHT,complete,WARNING: giveaway > 3%,803.9,2.0
003566,2026-03-03 00:00:00.000000,Smoke Line,mackerel,fillet,DAY,complete,WARNING: giveaway > 3%,890.7,2.0
003569,2026-03-03 00:00:00.000000,Line 2,seabass,fillet,NIGHT,complete,WARNING: giveaway > 3%,519.0,1.0
003572,2026-03-03 00:00:00.000000,VA Line,,,LATE,complete,WARNING: giveaway > 3%,1244.2,0.0
003565,2026-03-03 00:00:00.000000,Smoke Line,haddock,smoked,NIGHT,complete,WARNING: giveaway > 3%,447.3,2.0
003564,2026-03-04 00:00:00.000000,Line 1,salmon,portion,DAY,complete,WARNING: giveaway > 3%,636.1,3.0
003553,2026-03-04 00:00:00.000000,VA Line,,,LATE,complete,WARNING: giveaway > 3%,322.6,0.0
003561,2026-03-04 00:00:00.000000,Line 3,pollock,fillet,LATE,complete,WARNING: giveaway > 3%,438.7,3.0
003554,2026-03-04 00:00:00.000000,VA Line,,,DAY,complete,WARNING: giveaway > 3%,449.5,3.0
003560,2026-03-04 00:00:00.000000,Line 3,plaice,fillet,DAY,complete,WARNING: giveaway > 3%,377.7,0.0
003559,2026-03-04 00:00:00.000000,Line 1,salmon,,NIGHT,complete,WARNING: giveaway > 3%,643.1,3.0
003563,2026-03-04 00:00:00.000000,VA Line,prawn,,DAY,complete,WARNING: giveaway > 3%,284.1,1.0
003555,2026-03-04 00:00:00.000000,Line 3,pollock,fillet,DAY,complete,WARNING: giveaway > 3%,110.8,2.0
003557,2026-03-04 00:00:00.000000,Line 1,salmon,,DAY,complete,WARNING: giveaway > 3%,1575.5,3.0
003562,2026-03-04 00:00:00.000000,Line 2,seabass,fillet,LATE,complete,WARNING: giveaway > 3%,219.9,2.0
003558,2026-03-04 00:00:00.000000,Line 2,tuna,steak,LATE,complete,WARNING: giveaway > 3%,392.6,0.0
003556,2026-03-04 00:00:00.000000,Smoke Line,haddock,smoked,LATE,complete,WARNING: giveaway > 3%,469.2,1.0
003550,2026-03-05 00:00:00.000000,Line 1,salmon,portion,DAY,complete,WARNING: giveaway > 3%,538.7,3.0
003542,2026-03-05 00:00:00.000000,Line 3,plaice,fillet,DAY,complete,WARNING: giveaway > 3%,710.2,3.0
003543,2026-03-05 00:00:00.000000,Line 2,cod,loin,LATE,complete,WARNING: giveaway > 3%,361.2,2.0
003544,2026-03-05 00:00:00.000000,VA Line,prawn,,LATE,complete,WARNING: giveaway > 3%,495.9,1.0
003552,2026-03-05 00:00:00.000000,Smoke Line,mackerel,fillet,LATE,complete,WARNING: giveaway > 3%,340.4,2.0
003549,2026-03-05 00:00:00.000000,Line 3,cod,fillet,DAY,complete,WARNING: giveaway > 3%,528.4,2.0
003546,2026-03-05 00:00:00.000000,VA Line,cod,breaded,LATE,complete,WARNING: giveaway > 3%,303.9,2.0
003545,2026-03-05 00:00:00.000000,Line 3,pollock,fillet,LATE,complete,WARNING: giveaway > 3%,910.5,1.0
003548,2026-03-05 00:00:00.000000,Line 1,salmon,portion,DAY,complete,WARNING: giveaway > 3%,262.4,3.0
003551,2026-03-05 00:00:00.000000,VA Line,prawn,,DAY,complete,WARNING: giveaway > 3%,276.4,0.0
003547,2026-03-05 00:00:00.000000,Line 3,cod,fillet,DAY,complete,WARNING: giveaway > 3%,657.9,0.0
003534,2026-03-06 00:00:00.000000,Line 1,sole,fillet,DAY,complete,WARNING: giveaway > 3%,1371.3,3.0
003533,2026-03-06 00:00:00.000000,Line 2,cod,loin,DAY,complete,WARNING: giveaway > 3%,938.8,3.0
003536,2026-03-06 00:00:00.000000,Line 2,cod,loin,NIGHT,complete,WARNING: giveaway > 3%,829.2,2.0
003535,2026-03-06 00:00:00.000000,VA Line,prawn,,NIGHT,complete,WARNING: giveaway > 3%,1983.3,2.0
003537,2026-03-06 00:00:00.000000,Line 1,hake,fillet,NIGHT,complete,WARNING: giveaway > 3%,424.5,3.0
003538,2026-03-06 00:00:00.000000,Line 2,seabass,fillet,LATE,complete,WARNING: giveaway > 3%,456.1,0.0
003532,2026-03-06 00:00:00.000000,Line 3,cod,fillet,LATE,complete,WARNING: giveaway > 3%,1138.9,2.0
003540,2026-03-06 00:00:00.000000,Line 3,cod,fillet,DAY,complete,WARNING: giveaway > 3%,817.9,2.0
003539,2026-03-06 00:00:00.000000,Line 2,tuna,steak,LATE,complete,WARNING: giveaway > 3%,230.5,1.0
003531,2026-03-06 00:00:00.000000,VA Line,,,DAY,complete,WARNING: giveaway > 3%,469.5,0.0
003541,2026-03-06 00:00:00.000000,Line 3,pollock,fillet,DAY,complete,WARNING: giveaway > 3%,1689.2,0.0
003526,2026-03-07 00:00:00.000000,Line 3,pollock,fillet,DAY,complete,WARNING: giveaway > 3%,1464.3,1.0
003528,2026-03-07 00:00:00.000000,Line 2,seabass,fillet,LATE,complete,WARNING: giveaway > 3%,346.8,1.0
003524,2026-03-07 00:00:00.000000,Line 1,salmon,portion,LATE,complete,WARNING: giveaway > 3%,529.1,3.0
003529,2026-03-07 00:00:00.000000,Line 1,sole,fillet,DAY,complete,WARNING: giveaway > 3%,353.4,2.0
003530,2026-03-07 00:00:00.000000,VA Line,prawn,,DAY,complete,WARNING: giveaway > 3%,1171.0,0.0
003527,2026-03-07 00:00:00.000000,Line 3,cod,fillet,DAY,complete,WARNING: giveaway > 3%,204.0,1.0
003525,2026-03-07 00:00:00.000000,Line 2,seabass,fillet,DAY,complete,WARNING: giveaway > 3%,1205.2,2.0
003520,2026-03-08 00:00:00.000000,Smoke Line,haddock,smoked,LATE,complete,WARNING: giveaway > 3%,605.0,3.0
003523,2026-03-08 00:00:00.000000,Line 3,pollock,fillet,DAY,complete,WARNING: giveaway > 3%,1655.7,1.0
003522,2026-03-08 00:00:00.000000,VA Line,prawn,,NIGHT,complete,WARNING: giveaway > 3%,664.7,2.0
003516,2026-03-08 00:00:00.000000,Smoke Line,haddock,smoked,NIGHT,complete,WARNING: giveaway > 3%,1681.3,3.0
003517,2026-03-08 00:00:00.000000,Line 2,tuna,steak,NIGHT,complete,WARNING: giveaway > 3%,825.7,0.0
003521,2026-03-08 00:00:00.000000,Line 2,cod,loin,NIGHT,complete,WARNING: giveaway > 3%,1868.4,2.0
003518,2026-03-08 00:00:00.000000,Line 2,cod,loin,DAY,complete,WARNING: giveaway > 3%,195.3,1.0
003514,2026-03-08 00:00:00.000000,Line 3,cod,fillet,LATE,complete,WARNING: giveaway > 3%,646.1,0.0
003519,2026-03-08 00:00:00.000000,Line 1,sole,fillet,LATE,complete,WARNING: giveaway > 3%,146.4,1.0
003515,2026-03-08 00:00:00.000000,VA Line,cod,breaded,LATE,complete,WARNING: giveaway > 3%,671.0,1.0
003505,2026-03-09 00:00:00.000000,VA Line,prawn,,DAY,complete,WARNING: giveaway > 3%,983.0,3.0
003503,2026-03-09 00:00:00.000000,Line 3,pollock,fillet,DAY,complete,WARNING: giveaway > 3%,209.5,3.0
003512,2026-03-09 00:00:00.000000,Line 1,hake,fillet,DAY,complete,WARNING: giveaway > 3%,778.6,1.0
003506,2026-03-09 00:00:00.000000,VA Line,prawn,,LATE,complete,WARNING: giveaway > 3%,269.2,0.0
003504,2026-03-09 00:00:00.000000,VA Line,,,LATE,complete,WARNING: giveaway > 3%,352.6,3.0
003511,2026-03-09 00:00:00.000000,Line 2,cod,loin,NIGHT,complete,WARNING: giveaway > 3%,1476.1,1.0
003508,2026-03-09 00:00:00.000000,Line 2,cod,loin,DAY,complete,WARNING: giveaway > 3%,1390.4,2.0
003509,2026-03-09 00:00:00.000000,VA Line,cod,breaded,NIGHT,complete,WARNING: giveaway > 3%,375.3,2.0
003510,2026-03-09 00:00:00.000000,Smoke Line,mackerel,fillet,NIGHT,complete,WARNING: giveaway > 3%,433.5,3.0
003507,2026-03-09 00:00:00.000000,Smoke Line,mackerel,fillet,DAY,complete,WARNING: giveaway > 3%,1124.8,0.0
003513,2026-03-09 00:00:00.000000,Line 1,sole,fillet,DAY,complete,WARNING: giveaway > 3%,701.2,2.0
003502,2026-03-10 00:00:00.000000,Line 3,pollock,fillet,DAY,complete,WARNING: giveaway > 3%,1203.4,1.0
003497,2026-03-10 00:00:00.000000,Line 3,plaice,fillet,LATE,complete,WARNING: giveaway > 3%,661.8,1.0
003494,2026-03-10 00:00:00.000000,VA Line,cod,breaded,DAY,complete,WARNING: giveaway > 3%,803.3,0.0
003501,2026-03-10 00:00:00.000000,Line 3,cod,fillet,NIGHT,complete,WARNING: giveaway > 3%,302.4,0.0
003498,2026-03-10 00:00:00.000000,Smoke Line,mackerel,fillet,DAY,complete,WARNING: giveaway > 3%,1349.2,2.0
003493,2026-03-10 00:00:00.000000,VA Line,prawn,,DAY,complete,WARNING: giveaway > 3%,675.4,2.0
003492,2026-03-10 00:00:00.000000,Line 3,cod,fillet,LATE,complete,WARNING: giveaway > 3%,604.7,1.0
003499,2026-03-10 00:00:00.000000,Line 3,plaice,fillet,LATE,complete,WARNING: giveaway > 3%,727.5,0.0
003495,2026-03-10 00:00:00.000000,Line 3,plaice,fillet,LATE,complete,WARNING: giveaway > 3%,1193.8,3.0
003500,2026-03-10 00:00:00.000000,Smoke Line,mackerel,fillet,NIGHT,complete,WARNING: giveaway > 3%,133.2,0.0
003496,2026-03-10 00:00:00.000000,Line 1,salmon,portion,NIGHT,complete,WARNING: giveaway > 3%,301.4,2.0
003487,2026-03-11 00:00:00.000000,VA Line,cod,breaded,NIGHT,complete,WARNING: giveaway > 3%,990.4,1.0
003488,2026-03-11 00:00:00.000000,Line 2,cod,loin,DAY,complete,WARNING: giveaway > 3%,1187.6,0.0
003485,2026-03-11 00:00:00.000000,Line 1,salmon,,LATE,complete,WARNING: giveaway > 3%,306.9,0.0
003491,2026-03-11 00:00:00.000000,Line 2,tuna,steak,DAY,complete,WARNING: giveaway > 3%,522.7,0.0
003486,2026-03-11 00:00:00.000000,Smoke Line,haddock,smoked,DAY,complete,WARNING: giveaway > 3%,296.8,1.0
003484,2026-03-11 00:00:00.000000,Line 3,cod,fillet,NIGHT,complete,WARNING: giveaway > 3%,243.0,1.0
003483,2026-03-11 00:00:00.000000,Line 2,seabass,fillet,LATE,complete,WARNING: giveaway > 3%,199.9,2.0
003490,2026-03-11 00:00:00.000000,Line 1,salmon,,LATE,complete,WARNING: giveaway > 3%,334.7,0.0
003482,2026-03-11 00:00:00.000000,Line 3,cod,fillet,DAY,complete,WARNING: giveaway > 3%,1377.0,3.0
003489,2026-03-11 00:00:00.000000,Line 1,sole,fillet,NIGHT,complete,WARNING: giveaway > 3%,244.2,0.0
003478,2026-03-12 00:00:00.000000,Line 2,tuna,steak,DAY,complete,WARNING: giveaway > 3%,122.5,3.0
003477,2026-03-12 00:00:00.000000,Line 3,pollock,fillet,NIGHT,complete,WARNING: giveaway > 3%,1423.4,2.0
003470,2026-03-12 00:00:00.000000,Line 3,cod,fillet,LATE,complete,WARNING: giveaway > 3%,486.1,3.0
003481,2026-03-12 00:00:00.000000,Smoke Line,haddock,smoked,LATE,complete,WARNING: giveaway > 3%,560.3,3.0
003480,2026-03-12 00:00:00.000000,Line 2,seabass,fillet,DAY,complete,WARNING: giveaway > 3%,562.5,3.0
003474,2026-03-12 00:00:00.000000,Line 2,cod,loin,DAY,complete,WARNING: giveaway > 3%,975.6,2.0
003471,2026-03-12 00:00:00.000000,Line 1,salmon,portion,LATE,complete,WARNING: giveaway > 3%,738.6,3.0
003476,2026-03-12 00:00:00.000000,Smoke Line,haddock,smoked,DAY,complete,WARNING: giveaway > 3%,1074.5,2.0
003475,2026-03-12 00:00:00.000000,Line 3,plaice,fillet,DAY,complete,WARNING: giveaway > 3%,1189.2,3.0
003472,2026-03-12 00:00:00.000000,Line 2,cod,loin,LATE,complete,WARNING: giveaway > 3%,401.3,2.0
003479,2026-03-12 00:00:00.000000,Line 2,seabass,fillet,NIGHT,complete,WARNING: giveaway > 3%,323.8,3.0
003473,2026-03-12 00:00:00.000000,Smoke Line,haddock,smoked,NIGHT,complete,WARNING: giveaway > 3%,573.2,2.0
003468,2026-03-13 00:00:00.000000,Line 1,hake,fillet,LATE,complete,WARNING: giveaway > 3%,326.5,2.0
003467,2026-03-13 00:00:00.000000,Line 1,sole,fillet,DAY,complete,WARNING: giveaway > 3%,292.8,0.0
003466,2026-03-13 00:00:00.000000,Smoke Line,haddock,smoked,LATE,complete,WARNING: giveaway > 3%,184.4,0.0
003469,2026-03-13 00:00:00.000000,Line 3,cod,fillet,DAY,complete,WARNING: giveaway > 3%,919.8,0.0
003465,2026-03-13 00:00:00.000000,VA Line,prawn,,NIGHT,complete,WARNING: giveaway > 3%,1069.6,0.0
003456,2026-03-14 00:00:00.000000,Line 3,pollock,fillet,NIGHT,complete,WARNING: giveaway > 3%,540.7,0.0
003457,2026-03-14 00:00:00.000000,Line 2,seabass,fillet,NIGHT,complete,WARNING: giveaway > 3%,862.2,1.0
003459,2026-03-14 00:00:00.000000,Line 2,cod,loin,DAY,complete,WARNING: giveaway > 3%,580.4,0.0
003464,2026-03-14 00:00:00.000000,Line 3,plaice,fillet,NIGHT,complete,WARNING: giveaway > 3%,1800.5,0.0
003460,2026-03-14 00:00:00.000000,Line 1,sole,fillet,LATE,complete,WARNING: giveaway > 3%,708.0,2.0
003462,2026-03-14 00:00:00.000000,Line 3,pollock,fillet,LATE,complete,WARNING: giveaway > 3%,885.6,0.0
003463,2026-03-14 00:00:00.000000,Line 1,sole,fillet,NIGHT,complete,WARNING: giveaway > 3%,731.9,0.0
003458,2026-03-14 00:00:00.000000,VA Line,cod,breaded,DAY,complete,WARNING: giveaway > 3%,451.4,1.0
003461,2026-03-14 00:00:00.000000,Line 1,sole,fillet,LATE,complete,WARNING: giveaway > 3%,130.6,3.0
003451,2026-03-15 00:00:00.000000,Line 3,pollock,fillet,DAY,complete,WARNING: giveaway > 3%,1222.6,1.0
003454,2026-03-15 00:00:00.000000,Line 2,seabass,fillet,NIGHT,complete,WARNING: giveaway > 3%,1125.8,0.0
003446,2026-03-15 00:00:00.000000,Line 3,cod,fillet,DAY,complete,WARNING: giveaway > 3%,499.7,0.0
003455,2026-03-15 00:00:00.000000,Smoke Line,mackerel,fillet,DAY,complete,WARNING: giveaway > 3%,592.1,3.0
003452,2026-03-15 00:00:00.000000,Line 1,sole,fillet,LATE,complete,WARNING: giveaway > 3%,1725.6,3.0
003453,2026-03-15 00:00:00.000000,Line 1,hake,fillet,DAY,complete,WARNING: giveaway > 3%,228.5,1.0
003448,2026-03-15 00:00:00.000000,Line 1,sole,fillet,NIGHT,complete,WARNING: giveaway > 3%,824.7,1.0
003447,2026-03-15 00:00:00.000000,Line 2,seabass,fillet,LATE,complete,WARNING: giveaway > 3%,927.8,0.0
003449,2026-03-15 00:00:00.000000,Smoke Line,mackerel,fillet,NIGHT,complete,WARNING: giveaway > 3%,1147.3,2.0
003450,2026-03-15 00:00:00.000000,VA Line,cod,breaded,DAY,complete,WARNING: giveaway > 3%,1397.1,2.0
003436,2026-03-16 00:00:00.000000,Line 1,salmon,,LATE,complete,WARNING: giveaway > 3%,233.8,2.0
003439,2026-03-16 00:00:00.000000,Line 1,hake,fillet,NIGHT,complete,WARNING: giveaway > 3%,187.7,1.0
003434,2026-03-16 00:00:00.000000,Line 1,hake,fillet,NIGHT,complete,WARNING: giveaway > 3%,340.3,0.0
003438,2026-03-16 00:00:00.000000,VA Line,cod,breaded,LATE,complete,WARNING: giveaway > 3%,828.9,0.0
003444,2026-03-16 00:00:00.000000,Line 2,tuna,steak,NIGHT,complete,WARNING: giveaway > 3%,664.0,1.0
003445,2026-03-16 00:00:00.000000,VA Line,,,NIGHT,complete,WARNING: giveaway > 3%,1559.8,2.0
003441,2026-03-16 00:00:00.000000,Smoke Line,mackerel,fillet,NIGHT,complete,WARNING: giveaway > 3%,852.0,1.0
003442,2026-03-16 00:00:00.000000,Line 3,cod,fillet,DAY,complete,WARNING: giveaway > 3%,805.0,0.0
003440,2026-03-16 00:00:00.000000,Smoke Line,haddock,smoked,LATE,complete,WARNING: giveaway > 3%,929.7,0.0
003437,2026-03-16 00:00:00.000000,VA Line,prawn,,DAY,complete,WARNING: giveaway > 3%,304.0,2.0
003443,2026-03-16 00:00:00.000000,Line 2,cod,loin,LATE,complete,WARNING: giveaway > 3%,941.9,3.0
003435,2026-03-16 00:00:00.000000,Line 1,salmon,portion,LATE,complete,WARNING: giveaway > 3%,691.9,3.0
003430,2026-03-17 00:00:00.000000,Line 1,hake,fillet,NIGHT,complete,WARNING: giveaway > 3%,653.8,1.0
003431,2026-03-17 00:00:00.000000,Line 1,sole,fillet,NIGHT,complete,WARNING: giveaway > 3%,405.9,3.0
003429,2026-03-17 00:00:00.000000,Line 2,seabass,fillet,NIGHT,complete,WARNING: giveaway > 3%,385.8,0.0
003428,2026-03-17 00:00:00.000000,Line 3,plaice,fillet,NIGHT,complete,WARNING: giveaway > 3%,111.6,0.0
003423,2026-03-17 00:00:00.000000,Line 3,cod,fillet,DAY,complete,WARNING: giveaway > 3%,300.6,1.0
003426,2026-03-17 00:00:00.000000,Line 1,salmon,,LATE,complete,WARNING: giveaway > 3%,490.6,3.0
003424,2026-03-17 00:00:00.000000,Line 1,salmon,,NIGHT,complete,WARNING: giveaway > 3%,676.7,1.0
003432,2026-03-17 00:00:00.000000,VA Line,cod,breaded,LATE,complete,WARNING: giveaway > 3%,166.0,3.0
003427,2026-03-17 00:00:00.000000,Line 1,salmon,,DAY,complete,WARNING: giveaway > 3%,337.5,1.0
003433,2026-03-17 00:00:00.000000,Line 1,salmon,portion,DAY,complete,WARNING: giveaway > 3%,206.1,0.0
003425,2026-03-17 00:00:00.000000,Line 3,cod,fillet,NIGHT,complete,WARNING: giveaway > 3%,219.9,2.0
003411,2026-03-18 00:00:00.000000,Line 1,sole,fillet,DAY,complete,WARNING: giveaway > 3%,275.5,3.0
003416,2026-03-18 00:00:00.000000,Line 1,salmon,portion,DAY,complete,WARNING: giveaway > 3%,474.1,2.0
003415,2026-03-18 00:00:00.000000,VA Line,,,NIGHT,complete,WARNING: giveaway > 3%,580.9,3.0
003418,2026-03-18 00:00:00.000000,Line 1,salmon,portion,LATE,complete,WARNING: giveaway > 3%,676.6,1.0
003421,2026-03-18 00:00:00.000000,Line 2,cod,loin,NIGHT,complete,WARNING: giveaway > 3%,462.5,2.0
003414,2026-03-18 00:00:00.000000,Line 2,cod,loin,NIGHT,complete,WARNING: giveaway > 3%,853.8,2.0
003412,2026-03-18 00:00:00.000000,VA Line,,,NIGHT,complete,WARNING: giveaway > 3%,1716.8,0.0
003422,2026-03-18 00:00:00.000000,Line 2,seabass,fillet,DAY,complete,WARNING: giveaway > 3%,491.9,2.0
003420,2026-03-18 00:00:00.000000,VA Line,cod,breaded,LATE,complete,WARNING: giveaway > 3%,959.8,3.0
003419,2026-03-18 00:00:00.000000,Line 3,pollock,fillet,DAY,complete,WARNING: giveaway > 3%,263.4,2.0
003417,2026-03-18 00:00:00.000000,Line 1,salmon,,NIGHT,complete,WARNING: giveaway > 3%,1074.9,1.0
003413,2026-03-18 00:00:00.000000,Line 1,hake,fillet,DAY,complete,WARNING: giveaway > 3%,684.7,1.0
003403,2026-03-19 00:00:00.000000,Line 1,salmon,,DAY,complete,WARNING: giveaway > 3%,640.9,0.0
003409,2026-03-19 00:00:00.000000,Line 2,seabass,fillet,NIGHT,complete,WARNING: giveaway > 3%,268.2,1.0
003407,2026-03-19 00:00:00.000000,Line 3,pollock,fillet,DAY,complete,WARNING: giveaway > 3%,653.2,3.0
003408,2026-03-19 00:00:00.000000,Line 1,salmon,,NIGHT,complete,WARNING: giveaway > 3%,283.3,0.0
003405,2026-03-19 00:00:00.000000,Line 2,cod,loin,LATE,complete,WARNING: giveaway > 3%,1298.2,3.0
003406,2026-03-19 00:00:00.000000,Line 2,cod,loin,NIGHT,complete,WARNING: giveaway > 3%,301.6,2.0
003404,2026-03-19 00:00:00.000000,Line 3,pollock,fillet,LATE,complete,WARNING: giveaway > 3%,622.6,1.0
003410,2026-03-19 00:00:00.000000,Smoke Line,mackerel,fillet,LATE,complete,WARNING: giveaway > 3%,499.8,1.0
003401,2026-03-20 00:00:00.000000,Line 1,salmon,,DAY,complete,WARNING: giveaway > 3%,963.0,1.0
003398,2026-03-20 00:00:00.000000,Line 2,cod,loin,DAY,complete,WARNING: giveaway > 3%,384.1,0.0
003399,2026-03-20 00:00:00.000000,Line 2,cod,loin,NIGHT,complete,WARNING: giveaway > 3%,993.9,3.0
003402,2026-03-20 00:00:00.000000,Line 1,hake,fillet,DAY,complete,WARNING: giveaway > 3%,977.7,3.0
003396,2026-03-20 00:00:00.000000,Line 1,hake,fillet,NIGHT,complete,WARNING: giveaway > 3%,1254.6,3.0
003397,2026-03-20 00:00:00.000000,VA Line,cod,breaded,DAY,complete,WARNING: giveaway > 3%,514.5,3.0
003394,2026-03-20 00:00:00.000000,Line 1,salmon,,DAY,complete,WARNING: giveaway > 3%,311.8,0.0
003400,2026-03-20 00:00:00.000000,VA Line,,,LATE,complete,WARNING: giveaway > 3%,1205.4,2.0
003395,2026-03-20 00:00:00.000000,Line 3,plaice,fillet,DAY,complete,WARNING: giveaway > 3%,957.5,2.0
003391,2026-03-21 00:00:00.000000,VA Line,,,LATE,complete,WARNING: giveaway > 3%,801.1,2.0
003393,2026-03-21 00:00:00.000000,Line 3,cod,fillet,DAY,complete,WARNING: giveaway > 3%,247.8,3.0
003385,2026-03-21 00:00:00.000000,Line 1,sole,fillet,DAY,complete,WARNING: giveaway > 3%,275.3,2.0
003389,2026-03-21 00:00:00.000000,Smoke Line,mackerel,fillet,LATE,complete,WARNING: giveaway > 3%,248.8,0.0
003386,2026-03-21 00:00:00.000000,Line 1,sole,fillet,DAY,complete,WARNING: giveaway > 3%,466.2,1.0
003384,2026-03-21 00:00:00.000000,Line 3,cod,fillet,NIGHT,complete,WARNING: giveaway > 3%,233.8,3.0
003388,2026-03-21 00:00:00.000000,Line 2,seabass,fillet,NIGHT,complete,WARNING: giveaway > 3%,936.4,3.0
003390,2026-03-21 00:00:00.000000,Smoke Line,haddock,smoked,NIGHT,complete,WARNING: giveaway > 3%,541.3,2.0
003392,2026-03-21 00:00:00.000000,Line 1,salmon,portion,LATE,complete,WARNING: giveaway > 3%,337.7,3.0
003387,2026-03-21 00:00:00.000000,Line 1,salmon,portion,DAY,complete,WARNING: giveaway > 3%,690.7,3.0
003382,2026-03-22 00:00:00.000000,Line 3,pollock,fillet,DAY,complete,WARNING: giveaway > 3%,205.6,0.0
003375,2026-03-22 00:00:00.000000,Smoke Line,mackerel,fillet,NIGHT,complete,WARNING: giveaway > 3%,971.2,1.0
003374,2026-03-22 00:00:00.000000,Line 1,salmon,portion,LATE,complete,WARNING: giveaway > 3%,546.2,2.0
003373,2026-03-22 00:00:00.000000,Line 2,cod,loin,DAY,complete,WARNING: giveaway > 3%,575.2,2.0
003383,2026-03-22 00:00:00.000000,Line 1,salmon,portion,LATE,complete,WARNING: giveaway > 3%,268.1,2.0
003379,2026-03-22 00:00:00.000000,VA Line,,,DAY,complete,WARNING: giveaway > 3%,216.5,1.0
003381,2026-03-22 00:00:00.000000,Line 1,salmon,,LATE,complete,WARNING: giveaway > 3%,415.0,2.0
003380,2026-03-22 00:00:00.000000,Smoke Line,mackerel,fillet,DAY,complete,WARNING: giveaway > 3%,660.6,2.0
003378,2026-03-22 00:00:00.000000,Line 1,salmon,,DAY,complete,WARNING: giveaway > 3%,118.3,3.0
003377,2026-03-22 00:00:00.000000,VA Line,cod,breaded,NIGHT,complete,WARNING: giveaway > 3%,430.4,1.0
003376,2026-03-22 00:00:00.000000,VA Line,prawn,,DAY,complete,WARNING: giveaway > 3%,245.1,3.0
003363,2026-03-23 00:00:00.000000,Line 2,tuna,steak,NIGHT,complete,WARNING: giveaway > 3%,745.8,0.0
003366,2026-03-23 00:00:00.000000,Line 3,pollock,fillet,NIGHT,complete,WARNING: giveaway > 3%,147.3,3.0
003370,2026-03-23 00:00:00.000000,Line 2,seabass,fillet,LATE,complete,WARNING: giveaway > 3%,1455.8,1.0
003364,2026-03-23 00:00:00.000000,Line 1,hake,fillet,LATE,complete,WARNING: giveaway > 3%,264.7,1.0
003365,2026-03-23 00:00:00.000000,Line 1,salmon,portion,LATE,complete,WARNING: giveaway > 3%,574.6,0.0
003361,2026-03-23 00:00:00.000000,VA Line,,,NIGHT,complete,WARNING: giveaway > 3%,1724.0,0.0
003371,2026-03-23 00:00:00.000000,Line 1,sole,fillet,LATE,complete,WARNING: giveaway > 3%,823.4,1.0
003369,2026-03-23 00:00:00.000000,Line 3,cod,fillet,LATE,complete,WARNING: giveaway > 3%,306.6,1.0
003362,2026-03-23 00:00:00.000000,Line 1,sole,fillet,LATE,complete,WARNING: giveaway > 3%,631.8,3.0
003372,2026-03-23 00:00:00.000000,VA Line,,,LATE,complete,WARNING: giveaway > 3%,443.5,2.0
003367,2026-03-23 00:00:00.000000,Line 2,cod,loin,NIGHT,complete,WARNING: giveaway > 3%,531.6,0.0
003368,2026-03-23 00:00:00.000000,Line 1,hake,fillet,DAY,complete,WARNING: giveaway > 3%,627.7,0.0
003356,2026-03-24 00:00:00.000000,Smoke Line,haddock,smoked,DAY,complete,WARNING: giveaway > 3%,1478.7,1.0
003360,2026-03-24 00:00:00.000000,Line 1,salmon,,NIGHT,complete,WARNING: giveaway > 3%,281.0,0.0
003352,2026-03-24 00:00:00.000000,Line 1,salmon,,DAY,complete,WARNING: giveaway > 3%,265.6,3.0
003359,2026-03-24 00:00:00.000000,Line 1,hake,fillet,LATE,complete,WARNING: giveaway > 3%,1093.6,1.0
003358,2026-03-24 00:00:00.000000,Line 1,salmon,,LATE,complete,WARNING: giveaway > 3%,477.3,2.0
003354,2026-03-24 00:00:00.000000,Line 1,sole,fillet,DAY,complete,WARNING: giveaway > 3%,432.1,3.0
003355,2026-03-24 00:00:00.000000,Line 1,salmon,portion,LATE,complete,WARNING: giveaway > 3%,385.2,0.0
003357,2026-03-24 00:00:00.000000,VA Line,,,LATE,complete,WARNING: giveaway > 3%,1591.3,0.0
003351,2026-03-24 00:00:00.000000,VA Line,,,LATE,complete,WARNING: giveaway > 3%,2047.7,0.0
003353,2026-03-24 00:00:00.000000,VA Line,prawn,,DAY,complete,WARNING: giveaway > 3%,411.0,0.0
003347,2026-03-25 00:00:00.000000,Smoke Line,haddock,smoked,DAY,complete,WARNING: giveaway > 3%,1573.3,0.0
003345,2026-03-25 00:00:00.000000,Line 2,seabass,fillet,NIGHT,complete,WARNING: giveaway > 3%,1399.5,2.0
003350,2026-03-25 00:00:00.000000,Line 3,plaice,fillet,DAY,complete,WARNING: giveaway > 3%,356.7,1.0
003340,2026-03-25 00:00:00.000000,Line 1,sole,fillet,NIGHT,complete,WARNING: giveaway > 3%,762.2,2.0
003344,2026-03-25 00:00:00.000000,Line 2,tuna,steak,NIGHT,complete,WARNING: giveaway > 3%,1378.2,3.0
003349,2026-03-25 00:00:00.000000,Line 3,plaice,fillet,NIGHT,complete,WARNING: giveaway > 3%,285.9,1.0
003346,2026-03-25 00:00:00.000000,Line 1,salmon,,DAY,complete,WARNING: giveaway > 3%,410.5,1.0
003341,2026-03-25 00:00:00.000000,Line 1,salmon,portion,NIGHT,complete,WARNING: giveaway > 3%,300.6,0.0
003348,2026-03-25 00:00:00.000000,Line 2,cod,loin,DAY,complete,WARNING: giveaway > 3%,767.1,2.0
003342,2026-03-25 00:00:00.000000,Smoke Line,haddock,smoked,DAY,complete,WARNING: giveaway > 3%,1494.7,3.0
003343,2026-03-25 00:00:00.000000,VA Line,prawn,,DAY,complete,WARNING: giveaway > 3%,782.9,3.0
003338,2026-03-26 00:00:00.000000,Line 2,seabass,fillet,NIGHT,complete,WARNING: giveaway > 3%,571.7,3.0
003336,2026-03-26 00:00:00.000000,Line 3,pollock,fillet,NIGHT,complete,WARNING: giveaway > 3%,827.3,2.0
003335,2026-03-26 00:00:00.000000,Line 1,salmon,,NIGHT,complete,WARNING: giveaway > 3%,519.4,2.0
003337,2026-03-26 00:00:00.000000,VA Line,,,DAY,complete,WARNING: giveaway > 3%,457.0,1.0
003334,2026-03-26 00:00:00.000000,Smoke Line,haddock,smoked,LATE,complete,WARNING: giveaway > 3%,513.5,2.0
003333,2026-03-26 00:00:00.000000,Line 2,seabass,fillet,LATE,complete,WARNING: giveaway > 3%,187.8,2.0
003339,2026-03-26 00:00:00.000000,Line 2,tuna,steak,LATE,complete,WARNING: giveaway > 3%,312.1,2.0
003331,2026-03-26 00:00:00.000000,Line 3,cod,fillet,LATE,complete,WARNING: giveaway > 3%,727.1,2.0
003332,2026-03-26 00:00:00.000000,VA Line,,,DAY,complete,WARNING: giveaway > 3%,474.0,2.0
003324,2026-03-27 00:00:00.000000,Line 3,plaice,fillet,NIGHT,complete,WARNING: giveaway > 3%,543.9,3.0
003327,2026-03-27 00:00:00.000000,Line 2,cod,loin,DAY,complete,WARNING: giveaway > 3%,766.1,0.0
003329,2026-03-27 00:00:00.000000,Line 1,sole,fillet,NIGHT,complete,WARNING: giveaway > 3%,178.9,2.0
003328,2026-03-27 00:00:00.000000,Line 1,sole,fillet,DAY,complete,WARNING: giveaway > 3%,409.4,0.0
003322,2026-03-27 00:00:00.000000,Smoke Line,haddock,smoked,NIGHT,complete,WARNING: giveaway > 3%,298.7,3.0
003326,2026-03-27 00:00:00.000000,Line 3,pollock,fillet,NIGHT,complete,WARNING: giveaway > 3%,196.7,0.0
003325,2026-03-27 00:00:00.000000,Line 3,cod,fillet,DAY,complete,WARNING: giveaway > 3%,577.3,3.0
003330,2026-03-27 00:00:00.000000,Line 2,cod,loin,DAY,complete,WARNING: giveaway > 3%,194.4,1.0
003323,2026-03-27 00:00:00.000000,VA Line,cod,breaded,DAY,complete,WARNING: giveaway > 3%,846.0,3.0
003321,2026-03-27 00:00:00.000000,VA Line,prawn,,DAY,complete,WARNING: giveaway > 3%,315.0,2.0
003312,2026-03-28 00:00:00.000000,VA Line,prawn,,LATE,complete,WARNING: giveaway > 3%,569.3,0.0
003311,2026-03-28 00:00:00.000000,Smoke Line,mackerel,fillet,NIGHT,complete,WARNING: giveaway > 3%,903.1,2.0
003313,2026-03-28 00:00:00.000000,VA Line,cod,breaded,DAY,complete,WARNING: giveaway > 3%,1194.4,3.0
003315,2026-03-28 00:00:00.000000,Smoke Line,haddock,smoked,DAY,complete,WARNING: giveaway > 3%,591.8,0.0
003316,2026-03-28 00:00:00.000000,VA Line,prawn,,NIGHT,complete,WARNING: giveaway > 3%,791.7,0.0
003320,2026-03-28 00:00:00.000000,Line 2,seabass,fillet,NIGHT,complete,WARNING: giveaway > 3%,408.2,3.0
003318,2026-03-28 00:00:00.000000,Line 3,cod,fillet,LATE,complete,WARNING: giveaway > 3%,772.1,2.0
003317,2026-03-28 00:00:00.000000,Line 1,sole,fillet,LATE,complete,WARNING: giveaway > 3%,133.5,1.0
003309,2026-03-28 00:00:00.000000,Smoke Line,mackerel,fillet,DAY,complete,WARNING: giveaway > 3%,617.3,0.0
003314,2026-03-28 00:00:00.000000,Line 2,seabass,fillet,LATE,complete,WARNING: giveaway > 3%,238.4,1.0
003319,2026-03-28 00:00:00.000000,Line 2,tuna,steak,NIGHT,complete,WARNING: giveaway > 3%,862.8,3.0
003310,2026-03-28 00:00:00.000000,Line 2,tuna,steak,DAY,complete,WARNING: giveaway > 3%,268.7,3.0
003306,2026-03-29 00:00:00.000000,Smoke Line,mackerel,fillet,NIGHT,complete,WARNING: giveaway > 3%,240.0,0.0
003307,2026-03-29 00:00:00.000000,VA Line,prawn,,NIGHT,complete,WARNING: giveaway > 3%,455.7,3.0
003304,2026-03-29 00:00:00.000000,Line 3,pollock,fillet,LATE,complete,WARNING: giveaway > 3%,178.8,1.0
003302,2026-03-29 00:00:00.000000,Line 3,cod,fillet,LATE,complete,WARNING: giveaway > 3%,661.5,0.0
003308,2026-03-29 00:00:00.000000,Line 3,plaice,fillet,LATE,complete,WARNING: giveaway > 3%,655.9,2.0
003305,2026-03-29 00:00:00.000000,VA Line,cod,breaded,NIGHT,complete,WARNING: giveaway > 3%,423.6,0.0
003303,2026-03-29 00:00:00.000000,Line 3,pollock,fillet,NIGHT,complete,WARNING: giveaway > 3%,629.7,0.0
003299,2026-03-30 00:00:00.000000,Line 3,pollock,fillet,NIGHT,complete,WARNING: giveaway > 3%,518.8,0.0
003297,2026-03-30 00:00:00.000000,Line 1,salmon,portion,DAY,complete,WARNING: giveaway > 3%,1352.7,1.0
003295,2026-03-30 00:00:00.000000,VA Line,,,DAY,complete,WARNING: giveaway > 3%,796.9,0.0
003298,2026-03-30 00:00:00.000000,Line 1,sole,fillet,DAY,complete,WARNING: giveaway > 3%,282.5,2.0
003294,2026-03-30 00:00:00.000000,VA Line,prawn,,NIGHT,complete,WARNING: giveaway > 3%,1387.7,2.0
003296,2026-03-30 00:00:00.000000,VA Line,prawn,,DAY,complete,WARNING: giveaway > 3%,736.1,0.0
003300,2026-03-30 00:00:00.000000,Line 1,sole,fillet,LATE,complete,WARNING: giveaway > 3%,1185.2,1.0
003301,2026-03-30 00:00:00.000000,Line 1,salmon,portion,DAY,complete,WARNING: giveaway > 3%,350.9,2.0
003292,2026-03-31 00:00:00.000000,VA Line,,,LATE,complete,WARNING: giveaway > 3%,557.7,2.0
003287,2026-03-31 00:00:00.000000,Line 1,salmon,,NIGHT,complete,WARNING: giveaway > 3%,521.9,1.0
003288,2026-03-31 00:00:00.000000,Smoke Line,haddock,smoked,NIGHT,complete,WARNING: giveaway > 3%,521.1,0.0
003291,2026-03-31 00:00:00.000000,Line 3,plaice,fillet,LATE,complete,WARNING: giveaway > 3%,356.4,1.0
003289,2026-03-31 00:00:00.000000,Line 1,salmon,portion,DAY,complete,WARNING: giveaway > 3%,783.8,2.0
003290,2026-03-31 00:00:00.000000,Line 1,sole,fillet,DAY,complete,WARNING: giveaway > 3%,1012.0,3.0
003293,2026-03-31 00:00:00.000000,VA Line,,,LATE,complete,WARNING: giveaway > 3%,161.0,3.0
003286,2026-04-01 00:00:00.000000,Line 1,salmon,,NIGHT,complete,WARNING: giveaway > 3%,1730.0,0.0
003283,2026-04-01 00:00:00.000000,Line 1,salmon,,LATE,complete,WARNING: giveaway > 3%,456.1,1.0
003284,2026-04-01 00:00:00.000000,VA Line,prawn,,NIGHT,complete,WARNING: giveaway > 3%,501.6,3.0
003282,2026-04-01 00:00:00.000000,VA Line,prawn,,NIGHT,complete,WARNING: giveaway > 3%,448.6,3.0
003285,2026-04-01 00:00:00.000000,VA Line,,,DAY,complete,WARNING: giveaway > 3%,166.8,0.0
003281,2026-04-01 00:00:00.000000,VA Line,,,LATE,complete,WARNING: giveaway > 3%,500.4,2.0
003280,2026-04-01 00:00:00.000000,Smoke Line,haddock,smoked,NIGHT,complete,WARNING: giveaway > 3%,531.1,1.0
003275,2026-04-02 00:00:00.000000,Line 2,seabass,fillet,LATE,complete,WARNING: giveaway > 3%,1198.3,3.0
003272,2026-04-02 00:00:00.000000,Line 1,hake,fillet,DAY,complete,WARNING: giveaway > 3%,1036.8,2.0
003271,2026-04-02 00:00:00.000000,Line 3,pollock,fillet,LATE,complete,WARNING: giveaway > 3%,132.5,0.0
003277,2026-04-02 00:00:00.000000,VA Line,,,DAY,complete,WARNING: giveaway > 3%,518.6,3.0
003274,2026-04-02 00:00:00.000000,Smoke Line,haddock,smoked,DAY,complete,WARNING: giveaway > 3%,229.7,0.0
003276,2026-04-02 00:00:00.000000,Line 1,salmon,,NIGHT,complete,WARNING: giveaway > 3%,227.7,0.0
003278,2026-04-02 00:00:00.000000,Line 1,sole,fillet,NIGHT,complete,WARNING: giveaway > 3%,637.7,1.0
003273,2026-04-02 00:00:00.000000,Line 2,tuna,steak,LATE,complete,WARNING: giveaway > 3%,1527.9,2.0
003279,2026-04-02 00:00:00.000000,Smoke Line,mackerel,fillet,DAY,complete,WARNING: giveaway > 3%,1179.8,2.0
003267,2026-04-03 00:00:00.000000,Smoke Line,haddock,smoked,NIGHT,complete,WARNING: giveaway > 3%,399.0,3.0
003266,2026-04-03 00:00:00.000000,Line 1,salmon,,DAY,complete,WARNING: giveaway > 3%,618.1,2.0
003269,2026-04-03 00:00:00.000000,Line 2,seabass,fillet,LATE,complete,WARNING: giveaway > 3%,148.0,2.0
003268,2026-04-03 00:00:00.000000,Line 2,cod,loin,LATE,complete,WARNING: giveaway > 3%,615.5,2.0
003270,2026-04-03 00:00:00.000000,VA Line,prawn,,LATE,complete,WARNING: giveaway > 3%,1122.0,2.0
003263,2026-04-04 00:00:00.000000,Line 1,hake,fillet,LATE,complete,WARNING: giveaway > 3%,697.4,1.0
003259,2026-04-04 00:00:00.000000,Line 1,salmon,,LATE,complete,WARNING: giveaway > 3%,229.6,2.0
003264,2026-04-04 00:00:00.000000,Line 2,cod,loin,NIGHT,complete,WARNING: giveaway > 3%,290.2,0.0
003262,2026-04-04 00:00:00.000000,Line 1,salmon,,LATE,complete,WARNING: giveaway > 3%,781.9,1.0
003255,2026-04-04 00:00:00.000000,Line 1,salmon,portion,NIGHT,complete,WARNING: giveaway > 3%,1178.0,1.0
003260,2026-04-04 00:00:00.000000,Line 2,seabass,fillet,DAY,complete,WARNING: giveaway > 3%,802.2,0.0
003265,2026-04-04 00:00:00.000000,Line 1,salmon,portion,NIGHT,complete,WARNING: giveaway > 3%,615.1,0.0
003256,2026-04-04 00:00:00.000000,Line 2,tuna,steak,LATE,complete,WARNING: giveaway > 3%,245.8,2.0
003258,2026-04-04 00:00:00.000000,Smoke Line,mackerel,fillet,LATE,complete,WARNING: giveaway > 3%,564.5,1.0
003257,2026-04-04 00:00:00.000000,Line 2,tuna,steak,LATE,complete,WARNING: giveaway > 3%,390.9,1.0
003261,2026-04-04 00:00:00.000000,VA Line,cod,breaded,LATE,complete,WARNING: giveaway > 3%,410.1,3.0
003254,2026-04-04 00:00:00.000000,Line 2,tuna,steak,LATE,complete,WARNING: giveaway > 3%,551.2,1.0
003243,2026-04-05 00:00:00.000000,Line 2,tuna,steak,LATE,complete,WARNING: giveaway > 3%,215.8,0.0
003249,2026-04-05 00:00:00.000000,Line 1,hake,fillet,LATE,complete,WARNING: giveaway > 3%,1073.9,1.0
003250,2026-04-05 00:00:00.000000,Line 2,tuna,steak,LATE,complete,WARNING: giveaway > 3%,241.3,0.0
003251,2026-04-05 00:00:00.000000,Line 3,cod,fillet,DAY,complete,WARNING: giveaway > 3%,1368.8,1.0
003247,2026-04-05 00:00:00.000000,VA Line,prawn,,LATE,complete,WARNING: giveaway > 3%,125.1,1.0
003248,2026-04-05 00:00:00.000000,Smoke Line,haddock,smoked,NIGHT,complete,WARNING: giveaway > 3%,2090.2,3.0
003245,2026-04-05 00:00:00.000000,Line 3,plaice,fillet,NIGHT,complete,WARNING: giveaway > 3%,1038.2,3.0
003246,2026-04-05 00:00:00.000000,Line 2,cod,loin,LATE,complete,WARNING: giveaway > 3%,237.6,1.0
003252,2026-04-05 00:00:00.000000,Line 1,hake,fillet,DAY,complete,WARNING: giveaway > 3%,236.3,2.0
003253,2026-04-05 00:00:00.000000,Line 1,salmon,portion,DAY,complete,WARNING: giveaway > 3%,360.7,3.0
003244,2026-04-05 00:00:00.000000,Line 3,cod,fillet,DAY,complete,WARNING: giveaway > 3%,236.9,0.0
003237,2026-04-06 00:00:00.000000,Line 2,tuna,steak,NIGHT,complete,WARNING: giveaway > 3%,492.3,3.0
003239,2026-04-06 00:00:00.000000,Line 2,seabass,fillet,LATE,complete,WARNING: giveaway > 3%,696.2,3.0
003241,2026-04-06 00:00:00.000000,Line 1,salmon,portion,NIGHT,complete,WARNING: giveaway > 3%,1164.9,3.0
003235,2026-04-06 00:00:00.000000,VA Line,,,NIGHT,complete,WARNING: giveaway > 3%,176.8,0.0
003238,2026-04-06 00:00:00.000000,Line 3,plaice,fillet,DAY,complete,WARNING: giveaway > 3%,655.2,2.0
003242,2026-04-06 00:00:00.000000,VA Line,prawn,,DAY,complete,WARNING: giveaway > 3%,185.3,3.0
003240,2026-04-06 00:00:00.000000,Line 3,pollock,fillet,DAY,complete,WARNING: giveaway > 3%,242.9,3.0
003236,2026-04-06 00:00:00.000000,VA Line,,,LATE,complete,WARNING: giveaway > 3%,224.7,3.0
003231,2026-04-07 00:00:00.000000,Line 1,salmon,portion,NIGHT,complete,WARNING: giveaway > 3%,270.4,3.0
003230,2026-04-07 00:00:00.000000,VA Line,cod,breaded,LATE,complete,WARNING: giveaway > 3%,533.1,3.0
003234,2026-04-07 00:00:00.000000,Line 2,seabass,fillet,DAY,complete,WARNING: giveaway > 3%,1514.9,2.0
003229,2026-04-07 00:00:00.000000,Line 3,cod,fillet,DAY,complete,WARNING: giveaway > 3%,981.6,0.0
003226,2026-04-07 00:00:00.000000,Smoke Line,haddock,smoked,NIGHT,complete,WARNING: giveaway > 3%,166.0,1.0
003228,2026-04-07 00:00:00.000000,VA Line,prawn,,LATE,complete,WARNING: giveaway > 3%,1073.3,2.0
003233,2026-04-07 00:00:00.000000,Smoke Line,mackerel,fillet,NIGHT,complete,WARNING: giveaway > 3%,754.6,0.0
003225,2026-04-07 00:00:00.000000,Line 1,hake,fillet,NIGHT,complete,WARNING: giveaway > 3%,543.9,2.0
003227,2026-04-07 00:00:00.000000,Line 2,tuna,steak,LATE,complete,WARNING: giveaway > 3%,136.6,1.0
003232,2026-04-07 00:00:00.000000,Smoke Line,haddock,smoked,LATE,complete,WARNING: giveaway > 3%,458.1,1.0
003219,2026-04-08 00:00:00.000000,Line 2,seabass,fillet,DAY,complete,WARNING: giveaway > 3%,334.0,1.0
003215,2026-04-08 00:00:00.000000,Line 2,seabass,fillet,DAY,complete,WARNING: giveaway > 3%,171.5,0.0
003224,2026-04-08 00:00:00.000000,VA Line,cod,breaded,DAY,complete,WARNING: giveaway > 3%,164.6,1.0
003221,2026-04-08 00:00:00.000000,Line 2,cod,loin,DAY,complete,WARNING: giveaway > 3%,1174.4,3.0
003218,2026-04-08 00:00:00.000000,Line 2,seabass,fillet,NIGHT,complete,WARNING: giveaway > 3%,1882.2,2.0
003217,2026-04-08 00:00:00.000000,VA Line,cod,breaded,DAY,complete,WARNING: giveaway > 3%,861.0,2.0
003223,2026-04-08 00:00:00.000000,Line 3,pollock,fillet,NIGHT,complete,WARNING: giveaway > 3%,645.4,3.0
003216,2026-04-08 00:00:00.000000,Smoke Line,mackerel,fillet,LATE,complete,WARNING: giveaway > 3%,215.5,2.0
003222,2026-04-08 00:00:00.000000,Line 1,sole,fillet,DAY,complete,WARNING: giveaway > 3%,150.5,1.0
003220,2026-04-08 00:00:00.000000,Line 2,tuna,steak,LATE,complete,WARNING: giveaway > 3%,858.6,1.0
003214,2026-04-08 00:00:00.000000,Smoke Line,haddock,smoked,DAY,complete,WARNING: giveaway > 3%,1401.1,0.0
003213,2026-04-09 00:00:00.000000,Line 3,cod,fillet,NIGHT,complete,WARNING: giveaway > 3%,968.9,2.0
003210,2026-04-09 00:00:00.000000,VA Line,cod,breaded,LATE,complete,WARNING: giveaway > 3%,546.7,2.0
003212,2026-04-09 00:00:00.000000,Line 2,tuna,steak,LATE,complete,WARNING: giveaway > 3%,401.7,3.0
003209,2026-04-09 00:00:00.000000,Line 1,hake,fillet,LATE,complete,WARNING: giveaway > 3%,1250.7,3.0
003211,2026-04-09 00:00:00.000000,Line 1,salmon,portion,DAY,complete,WARNING: giveaway > 3%,1053.9,0.0
003203,2026-04-10 00:00:00.000000,Line 1,sole,fillet,DAY,incomplete,WARNING: giveaway > 3%,639.9,3.0
003207,2026-04-10 00:00:00.000000,Line 2,tuna,steak,NIGHT,incomplete,WARNING: giveaway > 3%,365.8,2.0
003205,2026-04-10 00:00:00.000000,Line 3,pollock,fillet,LATE,incomplete,WARNING: giveaway > 3%,149.3,0.0
003206,2026-04-10 00:00:00.000000,Line 3,pollock,fillet,NIGHT,incomplete,WARNING: giveaway > 3%,1365.3,2.0
003208,2026-04-10 00:00:00.000000,VA Line,cod,breaded,NIGHT,incomplete,WARNING: giveaway > 3%,304.1,1.0
003202,2026-04-10 00:00:00.000000,Line 3,cod,fillet,DAY,incomplete,WARNING: giveaway > 3%,973.1,1.0
003201,2026-04-10 00:00:00.000000,Line 2,cod,loin,LATE,incomplete,WARNING: giveaway > 3%,161.4,0.0
003204,2026-04-10 00:00:00.000000,Line 2,cod,loin,DAY,incomplete,WARNING: giveaway > 3%,1045.6,2.0
